step,day,worker,animal,tty,ds5,ds20,has_replacement,replacement_count,best_alt,is_winner
13,0,H0,SHEEP,131,0.0,200.0,True,10,HARVEST,True
18,0,F,SHEEP,126,0.0,398.0,True,20,HARVEST,True
21,0,F,COW,171,0.0,398.0,True,17,HARVEST,True
21,0,H0,COW,171,0.0,398.0,True,17,HARVEST,True
27,1,H4,SHEEP,117,200.0,398.0,True,37,HARVEST,True
30,1,H1,SHEEP,114,99.0,198.0,True,35,HARVEST,True
31,1,H5,COW,161,99.0,198.0,True,35,HARVEST,True
32,1,F,COW,160,198.0,198.0,True,35,HARVEST,True
38,1,H1,COW,178,0.0,0.0,True,34,HARVEST,True
52,2,H6,SHEEP,92,0.0,488.0,True,37,HARVEST,True
54,2,H0,SHEEP,90,0.0,488.0,True,34,HARVEST,True
58,2,H6,COW,158,0.0,488.0,True,23,HARVEST,True
63,2,H5,COW,129,488.0,488.0,True,17,HARVEST,True
64,2,H1,COW,128,194.0,194.0,True,17,HARVEST,True
75,3,H5,SHEEP,69,0.0,480.0,True,38,HARVEST,True
78,3,H5,SHEEP,66,0.0,480.0,True,35,HARVEST,True
80,3,F,COW,112,0.0,480.0,True,32,HARVEST,True
81,3,H1,COW,135,0.0,480.0,True,31,HARVEST,True
81,3,H5,COW,111,0.0,480.0,True,31,HARVEST,True
84,3,H1,COW,180,384.0,480.0,True,27,HARVEST,True
103,4,H1,COW,89,0.0,2108.0,True,31,HARVEST,True
105,4,H0,COW,87,0.0,2108.0,True,27,HARVEST,True
105,4,H6,COW,111,0.0,2108.0,True,27,HARVEST,True
107,4,H1,COW,157,0.0,2108.0,True,22,HARVEST,True
112,4,H1,COW,176,165.0,2108.0,True,6,HARVEST,True
150,6,H6,SHEEP,66,1488.0,3187.0,True,27,WATER,True
152,6,F,COW,136,1488.0,3187.0,True,25,WATER,True
153,6,H0,COW,111,1432.0,1699.0,True,25,WATER,True
153,6,H2,COW,63,1432.0,1699.0,True,25,WATER,True
159,6,H0,SHEEP,57,267.0,267.0,True,26,WATER,True
200,8,F,COW,64,0.0,3960.0,True,50,WATER,True
202,8,H6,COW,86,420.0,3960.0,True,47,WATER,True
228,9,H10,SHEEP,60,83.0,2408.0,True,35,HARVEST,True
239,9,H3,COW,169,2079.0,9008.0,True,28,HARVEST,True
244,10,F,SHEEP,116,0.0,7008.0,True,67,WATER,True
248,10,H2,SHEEP,112,0.0,7008.0,True,64,WATER,True
248,10,H5,COW,160,0.0,7008.0,True,64,WATER,True
249,10,F,COW,159,1586.0,7008.0,True,62,WATER,True
279,11,H0,SHEEP,81,77.0,3781.0,True,51,HARVEST,True
287,11,H1,SHEEP,73,2240.0,4908.0,True,40,HARVEST,True
287,11,H5,COW,169,2240.0,4908.0,True,40,HARVEST,True
293,12,H7,SHEEP,67,1464.0,4849.0,True,105,WATER,True
293,12,H11,SHEEP,67,1464.0,4849.0,True,105,WATER,True
295,12,H6,COW,113,1464.0,4849.0,True,99,WATER,True
298,12,F,COW,158,146.0,3385.0,True,87,WATER,True
298,12,H2,COW,158,146.0,3385.0,True,87,WATER,True
299,12,H6,COW,109,290.0,3385.0,True,77,WATER,True
300,12,H11,SHEEP,60,434.0,3385.0,True,72,WATER,True
301,12,H2,COW,155,1133.0,3385.0,True,70,WATER,True
302,12,H9,SHEEP,106,1204.0,3385.0,True,69,WATER,True
305,12,H4,SHEEP,103,1879.0,2951.0,True,68,WATER,True
325,13,H7,SHEEP,83,0.0,2008.0,True,55,WATER,True
328,13,H3,COW,128,134.0,2596.0,True,41,HARVEST,True
328,13,H7,COW,128,134.0,2596.0,True,41,HARVEST,True
329,13,H6,COW,79,134.0,2596.0,True,36,HARVEST,True
330,13,H10,COW,78,1010.0,2596.0,True,32,HARVEST,True
331,13,H11,COW,125,1009.0,2529.0,True,32,HARVEST,True
343,14,H6,COW,65,588.0,2079.0,True,88,WATER,True
344,14,H1,COW,64,588.0,2079.0,True,84,WATER,True
344,14,H2,SHEEP,64,588.0,2079.0,True,84,WATER,True
346,14,H6,COW,110,588.0,2079.0,True,79,WATER,True
347,14,H1,SHEEP,133,588.0,2079.0,True,74,WATER,True
347,14,H2,COW,109,588.0,2079.0,True,74,WATER,True
349,14,H4,COW,107,0.0,1491.0,True,69,WATER,True
366,15,H1,SHEEP,66,0.0,10279.0,True,101,WATER,True
373,15,H0,COW,83,600.0,10279.0,True,63,HARVEST,True
374,15,H3,COW,82,600.0,10279.0,True,58,HARVEST,True
376,15,H2,SHEEP,104,2576.0,9679.0,True,53,HARVEST,True
377,15,H7,COW,79,3276.0,9679.0,True,52,HARVEST,True
393,16,F,COW,63,274.0,8075.0,True,82,WATER,True
398,16,H7,COW,58,0.0,7801.0,True,61,WATER,True
398,16,H11,SHEEP,82,0.0,7801.0,True,61,WATER,True
432,17,H4,COW,999,7423.0,8521.0,True,38,WATER,True
491,20,H6,SHEEP,61,0.0,4120.0,True,53,WATER,True
504,20,H4,COW,96,1378.0,10244.0,True,24,WATER,True
504,20,H6,COW,144,1378.0,10244.0,True,24,WATER,True
509,21,H0,SHEEP,67,2900.0,17013.0,True,125,HARVEST,True
509,21,H4,SHEEP,67,2900.0,17013.0,True,125,HARVEST,True
566,23,H4,SHEEP,58,2430.0,8410.0,True,46,WATER,True
567,23,H0,SHEEP,57,4086.0,8410.0,True,46,WATER,True
581,24,H0,SHEEP,67,0.0,2850.0,True,53,WATER,True
581,24,H1,SHEEP,67,0.0,2850.0,True,53,WATER,True
582,24,H4,SHEEP,66,0.0,3515.0,True,49,WATER,True
586,24,H6,SHEEP,62,0.0,3515.0,True,32,WATER,True
635,26,H0,SHEEP,61,1399.0,3199.0,True,25,PLANT,True
635,26,H5,SHEEP,61,1399.0,3199.0,True,25,PLANT,True
636,26,H4,SHEEP,60,1567.0,3199.0,True,22,PLANT,True
652,27,H4,SHEEP,999,343.0,4918.0,True,58,HARVEST,True
652,27,H7,SHEEP,999,343.0,4918.0,True,58,HARVEST,True
655,27,H7,SHEEP,999,1570.0,4584.0,True,48,HARVEST,True
657,27,H5,SHEEP,999,2584.0,4584.0,True,41,HARVEST,True
675,28,H10,SHEEP,999,0.0,185.0,True,28,FEED,True
676,28,H0,SHEEP,999,0.0,185.0,True,27,FEED,True
678,28,H11,SHEEP,999,0.0,2058.0,True,21,FEED,True
681,28,H10,SHEEP,999,8.0,2058.0,True,15,FEED,True
688,28,H2,COW,999,43.0,1980.0,True,8,HARVEST,True
690,28,H0,COW,999,46.0,1973.0,True,6,HARVEST,True
690,28,H4,COW,999,46.0,1973.0,True,6,HARVEST,True
8,0,H3,SHEEP,136,0.0,0.0,True,5,HARVEST,False
13,0,H3,SHEEP,131,0.0,0.0,True,9,HARVEST,False
25,1,F,COW,167,0.0,198.0,True,38,HARVEST,False
30,1,F,COW,162,0.0,394.0,True,38,HARVEST,False
33,1,F,SHEEP,111,0.0,456.0,True,38,HARVEST,False
35,1,F,SHEEP,109,198.0,549.0,True,38,HARVEST,False
51,2,H1,COW,141,217.0,1023.0,True,42,HARVEST,False
52,2,F,SHEEP,92,248.0,992.0,True,41,HARVEST,False
54,2,H1,COW,138,310.0,1318.0,True,40,HARVEST,False
55,2,F,SHEEP,89,310.0,1256.0,True,38,HARVEST,False
75,3,F,COW,117,0.0,320.0,True,41,HARVEST,False
78,3,F,COW,114,0.0,700.0,True,41,HARVEST,False
81,3,F,SHEEP,63,96.0,700.0,True,36,HARVEST,False
84,3,F,SHEEP,60,160.0,734.0,True,33,HARVEST,False
99,4,F,COW,93,66.0,447.0,True,42,HARVEST,False
102,4,F,COW,90,165.0,1351.0,True,40,HARVEST,False
105,4,F,COW,159,0.0,1186.0,True,35,HARVEST,False
124,5,F,COW,68,0.0,0.0,True,42,HARVEST,False
125,5,H0,COW,139,0.0,450.0,True,42,HARVEST,False
127,5,F,COW,65,0.0,450.0,True,41,HARVEST,False
149,6,H3,SHEEP,999,154.0,3209.0,True,44,HARVEST,False
152,6,H3,SHEEP,999,279.0,3179.0,True,40,HARVEST,False
153,6,F,COW,111,217.0,3117.0,True,37,HARVEST,False
156,6,H3,COW,156,0.0,2900.0,True,33,HARVEST,False
174,7,H4,COW,138,198.0,2127.0,True,47,HARVEST,False
177,7,F,COW,87,429.0,2061.0,True,45,HARVEST,False
177,7,H2,SHEEP,135,429.0,2061.0,True,45,HARVEST,False
182,7,H2,SHEEP,130,792.0,1632.0,True,36,HARVEST,False
195,8,F,COW,999,0.0,1438.0,True,59,WATER,False
196,8,H0,COW,164,0.0,2686.0,True,58,WATER,False
198,8,F,COW,999,0.0,3211.0,True,56,WATER,False
199,8,H0,COW,161,0.0,3211.0,True,55,WATER,False
199,8,H1,COW,113,0.0,3211.0,True,55,WATER,False
201,8,F,COW,63,0.0,3211.0,True,50,WATER,False
202,8,H0,SHEEP,110,0.0,3211.0,True,48,WATER,False
205,8,H0,SHEEP,107,0.0,3211.0,True,39,HARVEST,False
221,9,H0,SHEEP,91,0.0,930.0,True,60,WATER,False
222,9,H3,COW,90,0.0,930.0,True,57,WATER,False
224,9,H0,SHEEP,88,0.0,930.0,True,57,WATER,False
224,9,H2,COW,136,0.0,930.0,True,57,WATER,False
227,9,H2,COW,133,0.0,930.0,True,49,HARVEST,False
229,9,F,SHEEP,999,0.0,1040.0,True,44,HARVEST,False
232,9,F,SHEEP,999,768.0,1410.0,True,40,HARVEST,False
243,10,F,COW,999,36.0,10427.0,True,70,WATER,False
244,10,H4,COW,116,110.0,10427.0,True,69,WATER,False
246,10,F,COW,999,332.0,17810.0,True,67,WATER,False
247,10,H2,COW,161,480.0,17810.0,True,64,WATER,False
247,10,H4,COW,113,480.0,17810.0,True,64,WATER,False
248,10,H3,SHEEP,999,592.0,17774.0,True,59,WATER,False
250,10,H4,COW,158,777.0,17589.0,True,52,WATER,False
252,10,H3,COW,60,925.0,17406.0,True,45,WATER,False
254,10,H4,SHEEP,58,4562.0,17263.0,True,40,WATER,False
268,11,H0,COW,92,152.0,5071.0,True,49,WATER,False
270,11,H7,COW,138,418.0,8327.0,True,47,WATER,False
271,11,H0,COW,89,608.0,8327.0,True,44,WATER,False
271,11,H1,SHEEP,137,608.0,8327.0,True,44,WATER,False
271,11,H12,COW,137,608.0,8327.0,True,44,WATER,False
272,11,F,COW,999,760.0,8251.0,True,41,WATER,False
275,11,F,COW,999,1178.0,7909.0,True,36,WATER,False
276,11,H1,SHEEP,132,1261.0,7839.0,True,36,WATER,False
291,12,F,COW,999,120.0,3765.0,True,93,WATER,False
292,12,H0,COW,68,240.0,3903.0,True,91,WATER,False
292,12,H1,SHEEP,116,240.0,3903.0,True,91,WATER,False
293,12,H3,SHEEP,999,480.0,5133.0,True,90,WATER,False
294,12,F,COW,999,640.0,5133.0,True,88,WATER,False
294,12,H4,COW,114,640.0,5133.0,True,88,WATER,False
295,12,H0,COW,65,720.0,5133.0,True,86,WATER,False
295,12,H1,SHEEP,113,720.0,5133.0,True,86,WATER,False
296,12,H3,SHEEP,999,760.0,5013.0,True,86,WATER,False
298,12,H0,COW,110,520.0,4653.0,True,79,WATER,False
316,13,H1,SHEEP,92,0.0,0.0,True,94,WATER,False
317,13,H4,SHEEP,999,0.0,3531.0,True,92,WATER,False
318,13,H3,COW,999,0.0,3531.0,True,90,WATER,False
319,13,H1,SHEEP,89,0.0,3531.0,True,87,WATER,False
320,13,H4,SHEEP,999,0.0,3531.0,True,84,WATER,False
321,13,F,COW,999,0.0,3531.0,True,80,WATER,False
322,13,H0,COW,86,0.0,3531.0,True,76,WATER,False
325,13,H4,COW,83,0.0,3699.0,True,65,WATER,False
339,14,F,COW,999,42.0,2689.0,True,95,WATER,False
341,14,H3,SHEEP,67,336.0,3548.0,True,93,WATER,False
342,14,F,COW,999,504.0,3548.0,True,91,WATER,False
343,14,H2,COW,65,672.0,3548.0,True,88,WATER,False
344,14,H3,SHEEP,64,845.0,3506.0,True,87,WATER,False
346,14,H4,COW,62,1067.0,3212.0,True,82,WATER,False
353,14,H4,SHEEP,999,727.0,1586.0,True,71,WATER,False
363,15,F,COW,999,0.0,1176.0,True,100,WATER,False
364,15,H0,COW,999,0.0,1290.0,True,98,WATER,False
366,15,F,COW,999,0.0,4062.0,True,94,WATER,False
366,15,H3,COW,999,0.0,4062.0,True,94,WATER,False
367,15,H0,COW,999,0.0,4062.0,True,90,WATER,False
367,15,H9,SHEEP,999,0.0,4062.0,True,90,WATER,False
369,15,F,COW,999,0.0,5022.0,True,82,WATER,False
374,15,F,SHEEP,999,1176.0,5472.0,True,53,WATER,False
387,16,F,COW,999,1005.0,3091.0,True,97,WATER,False
390,16,F,COW,999,675.0,2961.0,True,91,WATER,False
390,16,H2,SHEEP,999,675.0,2961.0,True,91,WATER,False
401,16,H4,SHEEP,999,525.0,1835.0,True,68,WATER,False
412,17,H0,COW,999,0.0,4789.0,True,105,WATER,False
412,17,H1,SHEEP,999,0.0,4789.0,True,105,WATER,False
414,17,H3,COW,999,0.0,6953.0,True,101,WATER,False
415,17,H0,COW,137,0.0,6953.0,True,97,WATER,False
415,17,H1,SHEEP,999,0.0,6953.0,True,97,WATER,False
416,17,H4,COW,999,0.0,6953.0,True,93,WATER,False
417,17,F,COW,999,0.0,6953.0,True,88,WATER,False
418,17,H0,COW,999,0.0,6953.0,True,84,WATER,False
435,18,F,COW,999,47.0,4568.0,True,101,WATER,False
437,18,H3,SHEEP,999,470.0,5576.0,True,99,WATER,False
438,18,F,COW,999,705.0,5576.0,True,96,WATER,False
438,18,H0,SHEEP,999,705.0,5576.0,True,96,WATER,False
441,18,H0,SHEEP,999,1034.0,5341.0,True,84,WATER,False
460,19,H0,COW,999,146.0,7004.0,True,113,WATER,False
461,19,H4,SHEEP,999,342.0,10650.0,True,110,WATER,False
462,19,H3,COW,999,538.0,10650.0,True,108,WATER,False
463,19,H0,COW,89,734.0,10650.0,True,105,WATER,False
464,19,H4,COW,999,931.0,10602.0,True,100,WATER,False
465,19,F,COW,999,1127.0,10504.0,True,96,WATER,False
466,19,H0,COW,999,1239.0,10308.0,True,91,WATER,False
470,19,H0,SHEEP,999,3272.0,10177.0,True,71,WATER,False
483,20,F,COW,999,200.0,1150.0,True,102,WATER,False
484,20,H1,SHEEP,999,500.0,2652.0,True,101,WATER,False
486,20,F,COW,999,1150.0,4546.0,True,97,WATER,False
487,20,H1,SHEEP,999,1150.0,4546.0,True,96,WATER,False
491,20,H0,COW,999,0.0,3396.0,True,76,WATER,False
507,21,F,COW,999,0.0,11807.0,True,137,HARVEST,False
508,21,H0,COW,999,0.0,11807.0,True,135,HARVEST,False
508,21,H1,SHEEP,999,0.0,11807.0,True,135,HARVEST,False
509,21,H3,SHEEP,999,0.0,12683.0,True,134,HARVEST,False
511,21,H1,SHEEP,999,288.0,12683.0,True,127,HARVEST,False
512,21,H3,COW,999,288.0,12683.0,True,124,HARVEST,False
513,21,F,COW,999,288.0,12683.0,True,117,HARVEST,False
513,21,H4,COW,999,288.0,12683.0,True,117,HARVEST,False
514,21,H0,COW,999,538.0,12683.0,True,110,HARVEST,False
517,21,F,SHEEP,999,857.0,12858.0,True,91,HARVEST,False
531,22,F,COW,999,255.0,3199.0,True,109,WATER,False
533,22,H4,SHEEP,999,827.0,8973.0,True,105,WATER,False
534,22,F,COW,999,1087.0,9072.0,True,103,WATER,False
536,22,H4,SHEEP,999,1248.0,8817.0,True,100,WATER,False
536,22,H8,COW,999,1248.0,8817.0,True,100,WATER,False
538,22,H0,COW,999,676.0,8245.0,True,90,WATER,False
555,23,F,COW,999,0.0,3885.0,True,129,HARVEST,False
556,23,H0,COW,999,0.0,3885.0,True,127,HARVEST,False
556,23,H1,SHEEP,999,0.0,3885.0,True,127,HARVEST,False
558,23,H3,COW,999,0.0,7896.0,True,123,HARVEST,False
559,23,H0,COW,999,0.0,7896.0,True,120,HARVEST,False
559,23,H1,SHEEP,999,0.0,7896.0,True,120,HARVEST,False
560,23,H8,COW,999,0.0,7896.0,True,112,HARVEST,False
561,23,F,COW,999,0.0,7896.0,True,110,HARVEST,False
562,23,H0,COW,999,0.0,7896.0,True,108,HARVEST,False
577,24,F,COW,999,0.0,3127.0,True,108,WATER,False
580,24,H0,COW,999,486.0,3749.0,True,103,WATER,False
581,24,H3,SHEEP,999,756.0,5715.0,True,100,WATER,False
582,24,F,COW,999,864.0,5956.0,True,98,WATER,False
584,24,H3,SHEEP,999,1026.0,5740.0,True,89,WATER,False
604,25,H0,COW,999,0.0,2131.0,True,130,HARVEST,False
605,25,H4,SHEEP,999,0.0,3085.0,True,127,HARVEST,False
607,25,H0,COW,999,0.0,3085.0,True,123,HARVEST,False
608,25,H4,SHEEP,999,888.0,3085.0,True,115,HARVEST,False
609,25,F,COW,999,888.0,3085.0,True,112,HARVEST,False
610,25,H0,COW,999,888.0,3085.0,True,111,HARVEST,False
612,25,H3,COW,999,888.0,3309.0,True,101,HARVEST,False
612,25,H4,COW,999,888.0,3309.0,True,101,HARVEST,False
627,26,F,COW,999,224.0,1547.0,True,108,WATER,False
628,26,H1,SHEEP,999,392.0,2575.0,True,106,WATER,False
630,26,F,COW,999,952.0,4689.0,True,102,WATER,False
631,26,H1,SHEEP,999,1400.0,4689.0,True,100,WATER,False
632,26,H4,SHEEP,999,1176.0,4465.0,True,94,WATER,False
652,27,H0,COW,999,0.0,2036.0,True,134,HARVEST,False
652,27,H1,SHEEP,999,0.0,2036.0,True,134,HARVEST,False
653,27,H3,SHEEP,999,0.0,4324.0,True,132,HARVEST,False
655,27,H0,COW,999,0.0,4324.0,True,129,HARVEST,False
656,27,H3,SHEEP,999,0.0,4324.0,True,124,HARVEST,False
656,27,H6,COW,999,0.0,4324.0,True,124,HARVEST,False
657,27,F,COW,999,0.0,4324.0,True,123,HARVEST,False
658,27,H0,COW,999,0.0,4324.0,True,116,HARVEST,False
660,27,H3,COW,999,0.0,4324.0,True,108,HARVEST,False
675,28,F,COW,999,0.0,3371.0,True,103,HARVEST,False
677,28,H3,SHEEP,999,0.0,6874.0,True,97,HARVEST,False
677,28,H4,SHEEP,999,0.0,6874.0,True,97,HARVEST,False
678,28,F,COW,999,0.0,7153.0,True,94,HARVEST,False
680,28,H3,SHEEP,999,0.0,7848.0,True,89,HARVEST,False
680,28,H4,SHEEP,999,0.0,7848.0,True,89,HARVEST,False
7,0,H0,COW,185,157.0,529.0,False,0,NONE,True
7,0,H2,COW,185,157.0,529.0,False,0,NONE,True
7,0,H3,COW,185,157.0,529.0,False,0,NONE,True
10,0,H0,COW,182,155.0,465.0,True,2,FEED,True
12,0,F,SHEEP,132,124.0,892.0,True,4,HARVEST,True
19,0,H0,COW,173,93.0,675.0,True,9,HARVEST,True
27,1,H0,COW,165,520.0,520.0,True,37,HARVEST,True
29,1,H0,COW,163,520.0,815.0,True,37,HARVEST,True
29,1,H1,COW,163,520.0,815.0,True,37,HARVEST,True
30,1,H3,SHEEP,114,520.0,815.0,True,37,HARVEST,True
51,2,H0,COW,141,0.0,359.0,True,39,HARVEST,True
53,2,H0,COW,139,0.0,359.0,True,39,HARVEST,True
53,2,H1,COW,139,0.0,359.0,True,39,HARVEST,True
54,2,H3,SHEEP,90,0.0,875.0,True,39,HARVEST,True
75,3,H0,COW,117,4718.0,5747.0,True,41,HARVEST,True
77,3,H0,COW,115,2673.0,3764.0,True,41,HARVEST,True
77,3,H1,COW,115,2673.0,3764.0,True,41,HARVEST,True
78,3,H3,SHEEP,66,1065.0,2222.0,True,41,HARVEST,True
99,4,H0,COW,93,0.0,188.0,True,41,HARVEST,True
101,4,H0,COW,91,0.0,1343.0,True,41,HARVEST,True
101,4,H1,COW,91,0.0,1343.0,True,41,HARVEST,True
123,5,H0,COW,69,0.0,217.0,True,39,WATER,True
125,5,H0,COW,67,0.0,587.0,True,39,WATER,True
125,5,H1,COW,67,0.0,587.0,True,39,WATER,True
133,5,H1,COW,179,31.0,587.0,True,30,HARVEST,True
137,5,H1,SHEEP,127,186.0,556.0,True,24,HARVEST,True
151,6,H2,SHEEP,65,0.0,2436.0,True,39,WATER,True
152,6,H3,COW,160,0.0,2436.0,True,38,WATER,True
156,6,H3,SHEEP,108,1436.0,2616.0,True,30,HARVEST,True
175,7,H4,COW,137,0.0,1785.0,True,43,WATER,True
175,7,H5,SHEEP,89,0.0,1785.0,True,43,WATER,True
183,7,H1,COW,177,156.0,5419.0,True,29,HARVEST,True
200,8,H1,COW,112,0.0,1168.0,True,56,WATER,True
201,8,H2,SHEEP,63,0.0,1168.0,True,55,WATER,True
203,8,H3,SHEEP,133,0.0,1168.0,True,52,WATER,True
207,8,H7,SHEEP,129,0.0,1276.0,True,42,HARVEST,True
208,8,H1,COW,152,0.0,1276.0,True,40,HARVEST,True
212,8,H5,SHEEP,124,853.0,2368.0,True,31,HARVEST,True
214,8,H8,SHEEP,122,1168.0,2368.0,True,29,HARVEST,True
218,9,H0,SHEEP,118,315.0,1767.0,True,63,WATER,True
221,9,H0,SHEEP,115,108.0,2194.0,True,62,WATER,True
223,9,H7,SHEEP,113,108.0,2650.0,True,52,WATER,True
223,9,H10,SHEEP,113,108.0,2650.0,True,52,WATER,True
224,9,H5,SHEEP,64,0.0,2542.0,True,52,WATER,True
224,9,H6,COW,88,0.0,2542.0,True,52,WATER,True
234,9,H6,COW,126,420.0,1450.0,True,39,HARVEST,True
242,10,H0,SHEEP,94,456.0,9612.0,True,69,WATER,True
244,10,H5,COW,999,0.0,12815.0,True,68,WATER,True
245,10,H0,SHEEP,91,0.0,21083.0,True,68,WATER,True
245,10,H4,SHEEP,91,0.0,21083.0,True,68,WATER,True
246,10,H8,COW,999,0.0,21083.0,True,67,WATER,True
247,10,H11,SHEEP,89,0.0,21083.0,True,66,WATER,True
248,10,H4,COW,160,0.0,21083.0,True,63,WATER,True
248,10,H6,COW,64,0.0,21083.0,True,63,WATER,True
254,10,H5,COW,106,4176.0,22325.0,True,48,WATER,True
266,11,H0,SHEEP,70,1242.0,2513.0,True,58,WATER,True
269,11,H0,SHEEP,67,1242.0,3608.0,True,57,WATER,True
271,11,H5,COW,185,0.0,2366.0,True,58,WATER,True
271,11,H10,SHEEP,65,0.0,2366.0,True,58,WATER,True
271,11,H11,SHEEP,65,0.0,2366.0,True,58,WATER,True
274,11,H10,COW,134,0.0,6613.0,True,50,WATER,True
277,11,H5,COW,179,1194.0,17160.0,True,42,WATER,True
278,11,H6,COW,82,1194.0,18718.0,True,40,WATER,True
278,11,H8,SHEEP,58,1194.0,18718.0,True,40,WATER,True
290,12,H1,COW,166,7412.0,32445.0,True,69,WATER,True
294,12,H7,COW,999,12251.0,28946.0,True,67,WATER,True
295,12,H9,COW,999,11326.0,25781.0,True,67,WATER,True
297,12,H6,COW,111,6309.0,18399.0,True,60,WATER,True
297,12,H7,SHEEP,63,6309.0,18399.0,True,60,WATER,True
298,12,H11,COW,158,7874.0,16841.0,True,57,WATER,True
302,12,H7,COW,58,8270.0,12090.0,True,47,WATER,True
314,13,H1,COW,142,0.0,2680.0,True,68,WATER,True
322,13,H7,COW,134,1890.0,5536.0,True,56,WATER,True
322,13,H10,COW,86,1890.0,5536.0,True,56,WATER,True
338,14,H1,COW,118,986.0,10841.0,True,88,WATER,True
339,14,H2,SHEEP,69,1972.0,12185.0,True,86,WATER,True
342,14,H6,SHEEP,66,3811.0,16856.0,True,84,WATER,True
343,14,H9,COW,999,4667.0,18557.0,True,83,WATER,True
343,14,H10,SHEEP,65,4667.0,18557.0,True,83,WATER,True
343,14,H11,COW,999,4667.0,18557.0,True,83,WATER,True
344,14,H8,SHEEP,64,6343.0,17571.0,True,80,WATER,True
346,14,H10,COW,62,3788.0,18093.0,True,73,WATER,True
347,14,H11,SHEEP,61,3518.0,18579.0,True,69,WATER,True
348,14,H9,COW,108,2662.0,20044.0,True,65,WATER,True
362,15,H1,COW,94,5534.0,15327.0,True,81,WATER,True
369,15,H11,COW,999,4908.0,14676.0,True,74,WATER,True
370,15,H6,SHEEP,62,5284.0,14676.0,True,69,WATER,True
372,15,H9,COW,84,1552.0,18018.0,True,62,WATER,True
386,16,H1,COW,70,2288.0,11290.0,True,85,WATER,True
391,16,H9,COW,999,8250.0,14790.0,True,83,WATER,True
397,16,H0,COW,59,658.0,9565.0,True,64,WATER,True
411,17,H0,SHEEP,69,2081.0,11399.0,True,92,WATER,True
414,17,H2,SHEEP,66,4712.0,11342.0,True,90,WATER,True
414,17,H3,SHEEP,66,4712.0,11342.0,True,90,WATER,True
416,17,H9,SHEEP,64,2832.0,12282.0,True,88,WATER,True
420,17,F,COW,999,6437.0,17134.0,True,74,WATER,True
427,17,H7,COW,999,49.0,35528.0,True,50,WATER,True
440,18,H4,COW,999,15249.0,30293.0,True,86,WATER,True
441,18,H10,SHEEP,63,22424.0,29325.0,True,86,WATER,True
465,19,H11,COW,999,13170.0,46658.0,True,86,WATER,True
466,19,H10,COW,999,10697.0,45700.0,True,83,WATER,True
473,19,H5,COW,999,9546.0,40461.0,True,52,WATER,True
483,20,H0,SHEEP,69,12683.0,27384.0,True,96,WATER,True
486,20,H2,SHEEP,66,10886.0,32607.0,True,94,WATER,True
486,20,H3,SHEEP,66,10886.0,32607.0,True,94,WATER,True
488,20,H9,SHEEP,64,4829.0,26165.0,True,92,WATER,True
488,20,H10,COW,999,4829.0,26165.0,True,92,WATER,True
488,20,H11,COW,999,4829.0,26165.0,True,92,WATER,True
492,20,H11,SHEEP,60,5065.0,23613.0,True,74,WATER,True
506,21,H1,COW,999,1632.0,8072.0,True,93,WATER,True
513,21,H11,SHEEP,63,1066.0,27066.0,True,85,WATER,True
514,21,H10,COW,999,2359.0,26676.0,True,82,WATER,True
516,21,H8,COW,999,3115.0,29016.0,True,72,WATER,True
523,21,H6,COW,999,11332.0,55774.0,True,44,WATER,True
535,22,H9,COW,999,17344.0,49382.0,True,92,WATER,True
554,23,H1,COW,999,69.0,33729.0,True,100,WATER,True
555,23,H0,SHEEP,69,267.0,33694.0,True,98,WATER,True
558,23,H2,SHEEP,66,13277.0,44709.0,True,96,WATER,True
559,23,H6,SHEEP,65,14909.0,56725.0,True,95,WATER,True
560,23,H10,SHEEP,64,15705.0,56492.0,True,91,WATER,True
562,23,H6,COW,999,16914.0,50210.0,True,84,WATER,True
562,23,H11,SHEEP,62,16914.0,50210.0,True,84,WATER,True
583,24,H11,COW,999,330.0,23909.0,True,83,WATER,True
585,24,H9,SHEEP,63,1092.0,24547.0,True,76,WATER,True
602,25,H1,COW,999,4268.0,31267.0,True,74,WATER,True
609,25,H6,COW,999,12011.0,31780.0,True,65,WATER,True
611,25,H1,COW,999,10302.0,29679.0,True,56,WATER,True
613,25,H0,COW,999,12529.0,35086.0,True,50,WATER,True
618,25,H2,COW,999,3076.0,43461.0,True,34,WATER,True
626,26,H8,SHEEP,70,460.0,32953.0,True,66,HARVEST,True
629,26,H8,SHEEP,67,19500.0,32493.0,True,60,WATER,True
629,26,H10,SHEEP,67,19500.0,32493.0,True,60,WATER,True
630,26,H7,SHEEP,999,19500.0,36668.0,True,63,WATER,True
632,26,H0,SHEEP,999,11958.0,31255.0,True,56,WATER,True
658,27,F,COW,999,6226.0,26851.0,True,94,HARVEST,True
7,0,H0,COW,185,157.0,529.0,False,0,NONE,False
7,0,H2,COW,185,157.0,529.0,False,0,NONE,False
7,0,H3,COW,185,157.0,529.0,False,0,NONE,False
10,0,H0,COW,182,155.0,465.0,True,2,FEED,False
12,0,F,SHEEP,132,124.0,892.0,True,4,HARVEST,False
19,0,H0,COW,173,93.0,675.0,True,9,HARVEST,False
27,1,H0,COW,165,520.0,520.0,True,37,HARVEST,False
29,1,H0,COW,163,520.0,815.0,True,37,HARVEST,False
29,1,H1,COW,163,520.0,815.0,True,37,HARVEST,False
30,1,H3,SHEEP,114,520.0,815.0,True,37,HARVEST,False
51,2,H0,COW,141,0.0,359.0,True,39,HARVEST,False
53,2,H0,COW,139,0.0,359.0,True,39,HARVEST,False
53,2,H1,COW,139,0.0,359.0,True,39,HARVEST,False
54,2,H3,SHEEP,90,0.0,875.0,True,39,HARVEST,False
75,3,H0,COW,117,3914.0,4943.0,True,41,HARVEST,False
77,3,H0,COW,115,2405.0,3496.0,True,41,HARVEST,False
77,3,H1,COW,115,2405.0,3496.0,True,41,HARVEST,False
78,3,H3,SHEEP,66,1065.0,2222.0,True,41,HARVEST,False
99,4,H0,COW,93,0.0,188.0,True,41,HARVEST,False
101,4,H0,COW,91,0.0,1343.0,True,41,HARVEST,False
101,4,H1,COW,91,0.0,1343.0,True,41,HARVEST,False
123,5,H0,COW,69,0.0,217.0,True,39,WATER,False
125,5,H0,COW,67,0.0,587.0,True,39,WATER,False
125,5,H1,COW,67,0.0,587.0,True,39,WATER,False
133,5,H1,COW,179,31.0,587.0,True,30,HARVEST,False
137,5,H1,SHEEP,127,186.0,556.0,True,24,HARVEST,False
151,6,H2,SHEEP,65,0.0,2436.0,True,39,WATER,False
152,6,H3,COW,160,0.0,2436.0,True,38,WATER,False
156,6,H3,SHEEP,108,1436.0,2616.0,True,30,HARVEST,False
175,7,H4,COW,137,0.0,1785.0,True,43,WATER,False
175,7,H5,SHEEP,89,0.0,1785.0,True,43,WATER,False
183,7,H1,COW,177,156.0,4575.0,True,29,HARVEST,False
200,8,H1,COW,112,0.0,1168.0,True,56,WATER,False
201,8,H2,SHEEP,63,0.0,1168.0,True,55,WATER,False
203,8,H3,SHEEP,133,0.0,1168.0,True,52,WATER,False
207,8,H7,SHEEP,129,0.0,1276.0,True,42,HARVEST,False
208,8,H1,COW,152,0.0,1276.0,True,40,HARVEST,False
212,8,H5,SHEEP,124,853.0,2368.0,True,31,HARVEST,False
214,8,H8,SHEEP,122,1168.0,2368.0,True,29,HARVEST,False
218,9,H0,SHEEP,118,315.0,1767.0,True,63,WATER,False
221,9,H0,SHEEP,115,108.0,2194.0,True,62,WATER,False
223,9,H7,SHEEP,113,108.0,2650.0,True,52,WATER,False
223,9,H10,SHEEP,113,108.0,2650.0,True,52,WATER,False
224,9,H5,SHEEP,64,0.0,2542.0,True,52,WATER,False
224,9,H6,COW,88,0.0,2542.0,True,52,WATER,False
234,9,H6,COW,126,420.0,1450.0,True,39,HARVEST,False
242,10,H0,SHEEP,94,456.0,7572.0,True,69,WATER,False
244,10,H5,COW,999,0.0,10043.0,True,68,WATER,False
245,10,H0,SHEEP,91,0.0,16799.0,True,68,WATER,False
245,10,H4,SHEEP,91,0.0,16799.0,True,68,WATER,False
246,10,H8,COW,999,0.0,16799.0,True,67,WATER,False
247,10,H11,SHEEP,89,0.0,16799.0,True,66,WATER,False
248,10,H4,COW,160,0.0,16799.0,True,63,WATER,False
248,10,H6,COW,64,0.0,16799.0,True,63,WATER,False
254,10,H5,COW,106,3132.0,17627.0,True,48,WATER,False
266,11,H0,SHEEP,70,828.0,2099.0,True,58,WATER,False
269,11,H0,SHEEP,67,828.0,3194.0,True,57,WATER,False
271,11,H5,COW,185,0.0,4310.0,True,58,WATER,False
271,11,H10,SHEEP,65,0.0,4310.0,True,58,WATER,False
271,11,H11,SHEEP,65,0.0,4310.0,True,58,WATER,False
274,11,H10,COW,134,0.0,7493.0,True,50,WATER,False
277,11,H5,COW,179,1194.0,16352.0,True,42,WATER,False
278,11,H6,COW,82,1194.0,17910.0,True,40,WATER,False
278,11,H8,SHEEP,58,1194.0,17910.0,True,40,WATER,False
290,12,H1,COW,166,7659.0,30158.0,True,69,WATER,False
294,12,H7,COW,999,10563.0,25779.0,True,67,WATER,False
295,12,H9,COW,999,10271.0,23247.0,True,67,WATER,False
297,12,H6,COW,111,5879.0,16920.0,True,60,WATER,False
297,12,H7,SHEEP,63,5879.0,16920.0,True,60,WATER,False
298,12,H11,COW,158,7022.0,15362.0,True,57,WATER,False
302,12,H7,COW,58,7221.0,11683.0,True,47,WATER,False
314,13,H1,COW,142,0.0,3117.0,True,68,WATER,False
322,13,H7,COW,134,1685.0,5755.0,True,56,WATER,False
322,13,H10,COW,86,1685.0,5755.0,True,56,WATER,False
338,14,H1,COW,118,1410.0,10409.0,True,88,WATER,False
339,14,H2,SHEEP,69,2184.0,11753.0,True,86,WATER,False
342,14,H6,SHEEP,66,3385.0,14962.0,True,84,WATER,False
343,14,H9,COW,999,4027.0,17053.0,True,83,WATER,False
343,14,H10,SHEEP,65,4027.0,17053.0,True,83,WATER,False
343,14,H11,COW,999,4027.0,17053.0,True,83,WATER,False
344,14,H8,SHEEP,64,5699.0,18223.0,True,80,WATER,False
346,14,H10,COW,62,3358.0,18537.0,True,73,WATER,False
347,14,H11,SHEEP,61,3088.0,19023.0,True,69,WATER,False
348,14,H9,COW,108,2446.0,20280.0,True,65,WATER,False
362,15,H1,COW,94,7446.0,16181.0,True,81,WATER,False
369,15,H11,COW,999,4272.0,15134.0,True,74,WATER,False
370,15,H6,SHEEP,62,4648.0,15134.0,True,69,WATER,False
372,15,H9,COW,84,1552.0,17649.0,True,62,WATER,False
386,16,H1,COW,70,1872.0,9411.0,True,85,WATER,False
391,16,H9,COW,999,6787.0,12503.0,True,83,WATER,False
397,16,H0,COW,59,658.0,9704.0,True,64,WATER,False
411,17,H0,SHEEP,69,3280.0,10752.0,True,92,WATER,False
414,17,H2,SHEEP,66,3777.0,11401.0,True,90,WATER,False
414,17,H3,SHEEP,66,3777.0,11401.0,True,90,WATER,False
416,17,H9,SHEEP,64,1888.0,13921.0,True,88,WATER,False
420,17,F,COW,999,5535.0,17761.0,True,74,WATER,False
427,17,H7,COW,999,49.0,33025.0,True,50,WATER,False
440,18,H4,COW,999,13597.0,26395.0,True,86,WATER,False
441,18,H10,SHEEP,63,18595.0,25630.0,True,86,WATER,False
465,19,H11,COW,999,11356.0,35813.0,True,86,WATER,False
466,19,H10,COW,999,10052.0,35651.0,True,83,WATER,False
473,19,H5,COW,999,7177.0,29501.0,True,52,WATER,False
483,20,H0,SHEEP,69,9197.0,20722.0,True,96,WATER,False
486,20,H2,SHEEP,66,7742.0,23605.0,True,94,WATER,False
486,20,H3,SHEEP,66,7742.0,23605.0,True,94,WATER,False
488,20,H9,SHEEP,64,3744.0,19453.0,True,92,WATER,False
488,20,H10,COW,999,3744.0,19453.0,True,92,WATER,False
488,20,H11,COW,999,3744.0,19453.0,True,92,WATER,False
492,20,H11,SHEEP,60,3929.0,16599.0,True,74,WATER,False
506,21,H1,COW,999,856.0,7687.0,True,93,WATER,False
513,21,H11,SHEEP,63,1268.0,16634.0,True,85,WATER,False
514,21,H10,COW,999,3515.0,18306.0,True,82,WATER,False
516,21,H8,COW,999,4458.0,25314.0,True,72,WATER,False
523,21,H6,COW,999,4854.0,48774.0,True,44,WATER,False
535,22,H9,COW,999,16031.0,39592.0,True,92,WATER,False
554,23,H1,COW,999,2851.0,31241.0,True,100,WATER,False
555,23,H0,SHEEP,69,4273.0,31206.0,True,98,WATER,False
558,23,H2,SHEEP,66,15185.0,38930.0,True,96,WATER,False
559,23,H6,SHEEP,65,13627.0,44487.0,True,95,WATER,False
560,23,H10,SHEEP,64,13004.0,43030.0,True,91,WATER,False
562,23,H6,COW,999,12899.0,37148.0,True,84,WATER,False
562,23,H11,SHEEP,62,12899.0,37148.0,True,84,WATER,False
583,24,H11,COW,999,330.0,11267.0,True,83,WATER,False
585,24,H9,SHEEP,63,893.0,12430.0,True,76,WATER,False
602,25,H1,COW,999,5145.0,32706.0,True,74,WATER,False
609,25,H6,COW,999,15594.0,26389.0,True,65,WATER,False
611,25,H1,COW,999,9506.0,25804.0,True,56,WATER,False
613,25,H0,COW,999,10771.0,29275.0,True,50,WATER,False
618,25,H2,COW,999,2187.0,33784.0,True,34,WATER,False
626,26,H8,SHEEP,70,6355.0,30890.0,True,66,HARVEST,False
629,26,H8,SHEEP,67,20687.0,30430.0,True,62,WATER,False
629,26,H10,SHEEP,67,20687.0,30430.0,True,62,WATER,False
630,26,H7,SHEEP,999,17507.0,28550.0,True,62,WATER,False
632,26,H0,SHEEP,999,8840.0,20494.0,True,56,WATER,False
658,27,F,COW,999,7290.0,21791.0,True,98,HARVEST,False
7,0,H0,COW,185,157.0,529.0,False,0,NONE,True
7,0,H2,COW,185,157.0,529.0,False,0,NONE,True
7,0,H3,COW,185,157.0,529.0,False,0,NONE,True
10,0,H0,COW,182,155.0,465.0,True,2,FEED,True
12,0,F,SHEEP,132,124.0,892.0,True,4,HARVEST,True
19,0,H0,COW,173,93.0,675.0,True,9,HARVEST,True
27,1,H0,COW,165,520.0,520.0,True,37,HARVEST,True
29,1,H0,COW,163,520.0,815.0,True,37,HARVEST,True
29,1,H1,COW,163,520.0,815.0,True,37,HARVEST,True
30,1,H3,SHEEP,114,520.0,815.0,True,37,HARVEST,True
51,2,H0,COW,141,0.0,359.0,True,39,HARVEST,True
53,2,H0,COW,139,0.0,359.0,True,39,HARVEST,True
53,2,H1,COW,139,0.0,359.0,True,39,HARVEST,True
54,2,H3,SHEEP,90,0.0,875.0,True,39,HARVEST,True
75,3,H0,COW,117,3910.0,4934.0,True,41,HARVEST,True
77,3,H0,COW,115,2396.0,3483.0,True,41,HARVEST,True
77,3,H1,COW,115,2396.0,3483.0,True,41,HARVEST,True
78,3,H3,SHEEP,66,1056.0,2209.0,True,41,HARVEST,True
99,4,H0,COW,93,0.0,188.0,True,41,HARVEST,True
101,4,H0,COW,91,0.0,1219.0,True,41,HARVEST,True
101,4,H1,COW,91,0.0,1219.0,True,41,HARVEST,True
123,5,H0,COW,69,0.0,216.0,True,39,WATER,True
125,5,H0,COW,67,0.0,574.0,True,39,WATER,True
125,5,H1,COW,67,0.0,574.0,True,39,WATER,True
133,5,H1,COW,179,30.0,574.0,True,30,HARVEST,True
137,5,H1,SHEEP,127,186.0,544.0,True,24,HARVEST,True
151,6,H2,SHEEP,65,0.0,2406.0,True,39,WATER,True
152,6,H3,COW,160,0.0,2406.0,True,38,WATER,True
156,6,H3,SHEEP,108,1436.0,2586.0,True,30,HARVEST,True
175,7,H4,COW,137,0.0,1711.0,True,43,WATER,True
175,7,H5,SHEEP,89,0.0,1711.0,True,43,WATER,True
183,7,H1,COW,177,152.0,4021.0,True,29,HARVEST,True
200,8,H1,COW,112,0.0,1116.0,True,56,WATER,True
201,8,H2,SHEEP,63,0.0,1116.0,True,55,WATER,True
203,8,H3,SHEEP,133,0.0,1116.0,True,52,WATER,True
207,8,H7,SHEEP,129,0.0,1218.0,True,42,HARVEST,True
208,8,H1,COW,152,0.0,1218.0,True,40,HARVEST,True
212,8,H5,SHEEP,124,819.0,2308.0,True,31,HARVEST,True
214,8,H8,SHEEP,122,1116.0,2308.0,True,29,HARVEST,True
218,9,H0,SHEEP,118,297.0,1741.0,True,63,WATER,True
221,9,H0,SHEEP,115,102.0,2186.0,True,62,WATER,True
223,9,H7,SHEEP,113,102.0,2630.0,True,52,WATER,True
223,9,H10,SHEEP,113,102.0,2630.0,True,52,WATER,True
224,9,H5,SHEEP,64,0.0,2528.0,True,52,WATER,True
224,9,H6,COW,88,0.0,2528.0,True,52,WATER,True
234,9,H6,COW,126,420.0,1438.0,True,39,HARVEST,True
242,10,H0,SHEEP,94,444.0,7560.0,True,69,WATER,True
244,10,H5,COW,999,0.0,10043.0,True,68,WATER,True
245,10,H0,SHEEP,91,0.0,16799.0,True,68,WATER,True
245,10,H4,SHEEP,91,0.0,16799.0,True,68,WATER,True
246,10,H8,COW,999,0.0,16799.0,True,67,WATER,True
247,10,H11,SHEEP,89,0.0,16799.0,True,66,WATER,True
248,10,H4,COW,160,0.0,16799.0,True,63,WATER,True
248,10,H6,COW,64,0.0,16799.0,True,63,WATER,True
254,10,H5,COW,106,3132.0,17491.0,True,48,WATER,True
266,11,H0,SHEEP,70,692.0,1963.0,True,58,WATER,True
269,11,H0,SHEEP,67,692.0,3058.0,True,57,WATER,True
271,11,H5,COW,185,0.0,3545.0,True,58,WATER,True
271,11,H10,SHEEP,65,0.0,3545.0,True,58,WATER,True
271,11,H11,SHEEP,65,0.0,3545.0,True,58,WATER,True
274,11,H10,COW,134,0.0,4619.0,True,50,WATER,True
277,11,H5,COW,179,1194.0,10276.0,True,42,WATER,True
278,11,H6,COW,82,1194.0,11758.0,True,40,WATER,True
278,11,H8,SHEEP,58,1194.0,11758.0,True,40,WATER,True
290,12,H1,COW,166,3621.0,22083.0,True,69,WATER,True
294,12,H7,COW,999,7285.0,20578.0,True,67,WATER,True
295,12,H9,COW,999,8101.0,19210.0,True,67,WATER,True
297,12,H6,COW,111,4910.0,14921.0,True,60,WATER,True
297,12,H7,SHEEP,63,4910.0,14921.0,True,60,WATER,True
298,12,H11,COW,158,5453.0,13439.0,True,57,WATER,True
302,12,H7,COW,58,6501.0,10341.0,True,47,WATER,True
314,13,H1,COW,142,0.0,1493.0,True,68,WATER,True
322,13,H7,COW,134,393.0,3452.0,True,56,WATER,True
322,13,H10,COW,86,393.0,3452.0,True,56,WATER,True
338,14,H1,COW,118,432.0,6745.0,True,87,WATER,True
339,14,H2,SHEEP,69,846.0,8479.0,True,85,WATER,True
342,14,H6,SHEEP,66,2504.0,11302.0,True,83,WATER,True
343,14,H9,COW,999,3965.0,12845.0,True,82,WATER,True
343,14,H10,SHEEP,65,3965.0,12845.0,True,82,WATER,True
343,14,H11,COW,999,3965.0,12845.0,True,82,WATER,True
344,14,H8,SHEEP,64,4147.0,13268.0,True,79,WATER,True
346,14,H10,COW,62,2315.0,11436.0,True,72,WATER,True
347,14,H11,SHEEP,61,2057.0,11302.0,True,68,WATER,True
348,14,H9,COW,108,596.0,10525.0,True,64,WATER,True
362,15,H1,COW,94,2504.0,6019.0,True,80,WATER,True
369,15,H11,COW,999,1215.0,5176.0,True,73,WATER,True
370,15,H6,SHEEP,62,1583.0,5176.0,True,68,WATER,True
372,15,H9,COW,84,626.0,6536.0,True,61,WATER,True
386,16,H1,COW,70,513.0,3824.0,True,84,WATER,True
391,16,H9,COW,999,2575.0,4527.0,True,82,WATER,True
397,16,H0,COW,59,644.0,3811.0,True,63,WATER,True
411,17,H0,SHEEP,69,1859.0,6761.0,True,91,WATER,True
414,17,H2,SHEEP,66,1638.0,7312.0,True,89,WATER,True
414,17,H3,SHEEP,66,1638.0,7312.0,True,89,WATER,True
416,17,H9,SHEEP,64,1020.0,7183.0,True,87,WATER,True
420,17,F,COW,999,3833.0,7882.0,True,73,WATER,True
427,17,H7,COW,999,49.0,14503.0,True,49,WATER,True
440,18,H4,COW,999,4342.0,11201.0,True,85,WATER,True
441,18,H10,SHEEP,63,9031.0,11199.0,True,85,WATER,True
465,19,H11,COW,999,3597.0,14728.0,True,85,WATER,True
466,19,H10,COW,999,4191.0,14905.0,True,82,WATER,True
473,19,H5,COW,999,2273.0,13490.0,True,51,WATER,True
483,20,H0,SHEEP,69,3917.0,12006.0,True,95,WATER,True
486,20,H2,SHEEP,66,4511.0,17269.0,True,93,WATER,True
486,20,H3,SHEEP,66,4511.0,17269.0,True,93,WATER,True
488,20,H9,SHEEP,64,1271.0,13957.0,True,91,WATER,True
488,20,H10,COW,999,1271.0,13957.0,True,91,WATER,True
488,20,H11,COW,999,1271.0,13957.0,True,91,WATER,True
492,20,H11,SHEEP,60,3143.0,13114.0,True,73,WATER,True
506,21,H1,COW,999,856.0,4607.0,True,92,WATER,True
513,21,H11,SHEEP,63,948.0,11761.0,True,84,WATER,True
514,21,H10,COW,999,2525.0,11717.0,True,81,WATER,True
516,21,H8,COW,999,2627.0,15773.0,True,71,WATER,True
523,21,H6,COW,999,3748.0,21024.0,True,43,WATER,True
535,22,H9,COW,999,2610.0,14452.0,True,91,WATER,True
554,23,H1,COW,999,2084.0,16787.0,True,98,WATER,True
555,23,H0,SHEEP,69,3684.0,16752.0,True,96,WATER,True
558,23,H2,SHEEP,66,7418.0,19699.0,True,94,WATER,True
559,23,H6,SHEEP,65,6627.0,20016.0,True,93,WATER,True
560,23,H10,SHEEP,64,5045.0,18381.0,True,89,WATER,True
562,23,H6,COW,999,8353.0,17915.0,True,82,WATER,True
562,23,H11,SHEEP,62,8353.0,17915.0,True,82,WATER,True
583,24,H11,COW,999,323.0,4959.0,True,81,WATER,True
585,24,H9,SHEEP,63,584.0,5386.0,True,74,WATER,True
602,25,H1,COW,999,1215.0,10469.0,True,72,WATER,True
609,25,H6,COW,999,5595.0,11826.0,True,63,WATER,True
611,25,H1,COW,999,1777.0,8155.0,True,54,WATER,True
613,25,H0,COW,999,4761.0,10243.0,True,48,WATER,True
618,25,H2,COW,999,1167.0,6553.0,True,32,WATER,True
626,26,H8,SHEEP,70,898.0,4708.0,True,65,HARVEST,True
629,26,H8,SHEEP,67,2857.0,4342.0,True,61,WATER,True
629,26,H10,SHEEP,67,2857.0,4342.0,True,61,WATER,True
630,26,H7,SHEEP,999,2437.0,5222.0,True,61,WATER,True
632,26,H0,SHEEP,999,81.0,3471.0,True,55,WATER,True
658,27,F,COW,999,2050.0,3916.0,True,96,HARVEST,True
7,0,H0,COW,185,157.0,529.0,False,0,NONE,False
7,0,H2,COW,185,157.0,529.0,False,0,NONE,False
7,0,H3,COW,185,157.0,529.0,False,0,NONE,False
10,0,H0,COW,182,155.0,465.0,True,2,FEED,False
12,0,F,SHEEP,132,124.0,892.0,True,4,HARVEST,False
19,0,H0,COW,173,93.0,675.0,True,9,HARVEST,False
27,1,H0,COW,165,520.0,520.0,True,37,HARVEST,False
29,1,H0,COW,163,520.0,815.0,True,37,HARVEST,False
29,1,H1,COW,163,520.0,815.0,True,37,HARVEST,False
30,1,H3,SHEEP,114,520.0,815.0,True,37,HARVEST,False
51,2,H0,COW,141,0.0,359.0,True,39,HARVEST,False
53,2,H0,COW,139,0.0,359.0,True,39,HARVEST,False
53,2,H1,COW,139,0.0,359.0,True,39,HARVEST,False
54,2,H3,SHEEP,90,0.0,875.0,True,39,HARVEST,False
75,3,H0,COW,117,3910.0,4934.0,True,41,HARVEST,False
77,3,H0,COW,115,2396.0,3483.0,True,41,HARVEST,False
77,3,H1,COW,115,2396.0,3483.0,True,41,HARVEST,False
78,3,H3,SHEEP,66,1056.0,2209.0,True,41,HARVEST,False
99,4,H0,COW,93,0.0,188.0,True,41,HARVEST,False
101,4,H0,COW,91,0.0,1219.0,True,41,HARVEST,False
101,4,H1,COW,91,0.0,1219.0,True,41,HARVEST,False
123,5,H0,COW,69,0.0,216.0,True,39,WATER,False
125,5,H0,COW,67,0.0,574.0,True,39,WATER,False
125,5,H1,COW,67,0.0,574.0,True,39,WATER,False
133,5,H1,COW,179,30.0,574.0,True,30,HARVEST,False
137,5,H1,SHEEP,127,186.0,544.0,True,24,HARVEST,False
151,6,H2,SHEEP,65,0.0,2406.0,True,39,WATER,False
152,6,H3,COW,160,0.0,2406.0,True,38,WATER,False
156,6,H3,SHEEP,108,1436.0,2586.0,True,30,HARVEST,False
175,7,H4,COW,137,0.0,1711.0,True,43,WATER,False
175,7,H5,SHEEP,89,0.0,1711.0,True,43,WATER,False
183,7,H1,COW,177,152.0,4021.0,True,29,HARVEST,False
200,8,H1,COW,112,0.0,1116.0,True,56,WATER,False
201,8,H2,SHEEP,63,0.0,1116.0,True,55,WATER,False
203,8,H3,SHEEP,133,0.0,1116.0,True,52,WATER,False
207,8,H7,SHEEP,129,0.0,1218.0,True,42,HARVEST,False
208,8,H1,COW,152,0.0,1218.0,True,40,HARVEST,False
212,8,H5,SHEEP,124,819.0,2308.0,True,31,HARVEST,False
214,8,H8,SHEEP,122,1116.0,2308.0,True,29,HARVEST,False
218,9,H0,SHEEP,118,297.0,1741.0,True,63,WATER,False
221,9,H0,SHEEP,115,102.0,2186.0,True,62,WATER,False
223,9,H7,SHEEP,113,102.0,2630.0,True,52,WATER,False
223,9,H10,SHEEP,113,102.0,2630.0,True,52,WATER,False
224,9,H5,SHEEP,64,0.0,2528.0,True,52,WATER,False
224,9,H6,COW,88,0.0,2528.0,True,52,WATER,False
234,9,H6,COW,126,420.0,1438.0,True,39,HARVEST,False
242,10,H0,SHEEP,94,444.0,7560.0,True,69,WATER,False
244,10,H5,COW,999,0.0,10043.0,True,68,WATER,False
245,10,H0,SHEEP,91,0.0,16799.0,True,68,WATER,False
245,10,H4,SHEEP,91,0.0,16799.0,True,68,WATER,False
246,10,H8,COW,999,0.0,16799.0,True,67,WATER,False
247,10,H11,SHEEP,89,0.0,16799.0,True,66,WATER,False
248,10,H4,COW,160,0.0,16799.0,True,63,WATER,False
248,10,H6,COW,64,0.0,16799.0,True,63,WATER,False
254,10,H5,COW,106,3132.0,17491.0,True,48,WATER,False
266,11,H0,SHEEP,70,692.0,1963.0,True,58,WATER,False
269,11,H0,SHEEP,67,692.0,3058.0,True,57,WATER,False
271,11,H5,COW,185,0.0,2366.0,True,58,WATER,False
271,11,H10,SHEEP,65,0.0,2366.0,True,58,WATER,False
271,11,H11,SHEEP,65,0.0,2366.0,True,58,WATER,False
274,11,H10,COW,134,0.0,4466.0,True,50,WATER,False
277,11,H5,COW,179,1194.0,10123.0,True,42,WATER,False
278,11,H6,COW,82,1194.0,11605.0,True,40,WATER,False
278,11,H8,SHEEP,58,1194.0,11605.0,True,40,WATER,False
290,12,H1,COW,166,3468.0,21930.0,True,69,WATER,False
294,12,H7,COW,999,7285.0,20578.0,True,67,WATER,False
295,12,H9,COW,999,8101.0,19210.0,True,67,WATER,False
297,12,H6,COW,111,4910.0,14921.0,True,60,WATER,False
297,12,H7,SHEEP,63,4910.0,14921.0,True,60,WATER,False
298,12,H11,COW,158,5453.0,13439.0,True,57,WATER,False
302,12,H7,COW,58,6501.0,10011.0,True,47,WATER,False
314,13,H1,COW,142,0.0,1379.0,True,67,WATER,False
322,13,H7,COW,134,609.0,3371.0,True,55,WATER,False
322,13,H10,COW,86,609.0,3371.0,True,55,WATER,False
338,14,H1,COW,118,420.0,6709.0,True,87,WATER,False
339,14,H2,SHEEP,69,834.0,7171.0,True,85,WATER,False
342,14,H6,SHEEP,66,2789.0,11515.0,True,83,WATER,False
343,14,H9,COW,999,2789.0,12553.0,True,82,WATER,False
343,14,H10,SHEEP,65,2789.0,12553.0,True,82,WATER,False
343,14,H11,COW,999,2789.0,12553.0,True,82,WATER,False
344,14,H8,SHEEP,64,4123.0,12139.0,True,79,WATER,False
346,14,H10,COW,62,2291.0,10431.0,True,73,WATER,False
347,14,H11,SHEEP,61,2033.0,10981.0,True,69,WATER,False
348,14,H9,COW,108,1748.0,11380.0,True,65,WATER,False
362,15,H1,COW,94,2255.0,5770.0,True,80,WATER,False
369,15,H11,COW,999,1215.0,5005.0,True,73,WATER,False
370,15,H6,SHEEP,62,1583.0,5005.0,True,68,WATER,False
372,15,H9,COW,84,626.0,6365.0,True,61,WATER,False
386,16,H1,COW,70,1026.0,4337.0,True,84,WATER,False
391,16,H9,COW,999,2575.0,4527.0,True,82,WATER,False
397,16,H0,COW,59,644.0,3178.0,True,64,WATER,False
411,17,H0,SHEEP,69,201.0,6128.0,True,91,WATER,False
414,17,H2,SHEEP,66,2045.0,6071.0,True,89,WATER,False
414,17,H3,SHEEP,66,2045.0,6071.0,True,89,WATER,False
416,17,H9,SHEEP,64,2045.0,6071.0,True,87,WATER,False
420,17,F,COW,999,3833.0,7555.0,True,73,WATER,False
427,17,H7,COW,999,49.0,14059.0,True,49,WATER,False
440,18,H4,COW,999,4220.0,11187.0,True,85,WATER,False
441,18,H10,SHEEP,63,8914.0,11185.0,True,85,WATER,False
465,19,H11,COW,999,5627.0,16761.0,True,85,WATER,False
466,19,H10,COW,999,6063.0,16735.0,True,82,WATER,False
473,19,H5,COW,999,2273.0,13452.0,True,51,WATER,False
483,20,H0,SHEEP,69,3962.0,11631.0,True,95,WATER,False
486,20,H2,SHEEP,66,4511.0,17277.0,True,93,WATER,False
486,20,H3,SHEEP,66,4511.0,17277.0,True,93,WATER,False
488,20,H9,SHEEP,64,1275.0,13965.0,True,91,WATER,False
488,20,H10,COW,999,1275.0,13965.0,True,91,WATER,False
488,20,H11,COW,999,1275.0,13965.0,True,91,WATER,False
492,20,H11,SHEEP,60,3521.0,13496.0,True,73,WATER,False
506,21,H1,COW,999,856.0,4375.0,True,92,WATER,False
513,21,H11,SHEEP,63,850.0,11529.0,True,84,WATER,False
514,21,H10,COW,999,2267.0,11329.0,True,81,WATER,False
516,21,H8,COW,999,2335.0,11329.0,True,72,WATER,False
523,21,H6,COW,999,3748.0,18840.0,True,44,WATER,False
535,22,H9,COW,999,4638.0,16466.0,True,90,WATER,False
554,23,H1,COW,999,69.0,16356.0,True,98,WATER,False
555,23,H0,SHEEP,69,261.0,16321.0,True,96,WATER,False
558,23,H2,SHEEP,66,6993.0,19058.0,True,94,WATER,False
559,23,H6,SHEEP,65,8217.0,21412.0,True,93,WATER,False
560,23,H10,SHEEP,64,8043.0,21185.0,True,89,WATER,False
562,23,H6,COW,999,9653.0,19021.0,True,82,WATER,False
562,23,H11,SHEEP,62,9653.0,19021.0,True,82,WATER,False
583,24,H11,COW,999,323.0,4923.0,True,81,WATER,False
585,24,H9,SHEEP,63,576.0,4870.0,True,74,WATER,False
602,25,H1,COW,999,0.0,7649.0,True,73,WATER,False
609,25,H6,COW,999,3675.0,9906.0,True,64,WATER,False
611,25,H1,COW,999,3961.0,9807.0,True,55,WATER,False
613,25,H0,COW,999,5262.0,10392.0,True,49,WATER,False
618,25,H2,COW,999,1167.0,6345.0,True,33,WATER,False
626,26,H8,SHEEP,70,366.0,4500.0,True,64,HARVEST,False
629,26,H8,SHEEP,67,2649.0,4134.0,True,60,WATER,False
629,26,H10,SHEEP,67,2649.0,4134.0,True,60,WATER,False
630,26,H7,SHEEP,999,2649.0,5434.0,True,58,WATER,False
632,26,H0,SHEEP,999,405.0,3795.0,True,53,WATER,False
658,27,F,COW,999,683.0,2664.0,True,96,HARVEST,False
8,0,H3,SHEEP,136,0.0,0.0,True,5,HARVEST,True
13,0,H3,SHEEP,131,0.0,0.0,True,9,HARVEST,True
25,1,F,COW,167,0.0,198.0,True,38,HARVEST,True
30,1,F,COW,162,0.0,394.0,True,38,HARVEST,True
33,1,F,SHEEP,111,0.0,456.0,True,38,HARVEST,True
35,1,F,SHEEP,109,198.0,549.0,True,38,HARVEST,True
51,2,H1,COW,141,217.0,1023.0,True,42,HARVEST,True
52,2,F,SHEEP,92,248.0,992.0,True,41,HARVEST,True
54,2,H1,COW,138,310.0,1318.0,True,40,HARVEST,True
55,2,F,SHEEP,89,310.0,1256.0,True,38,HARVEST,True
75,3,F,COW,117,0.0,320.0,True,41,HARVEST,True
78,3,F,COW,114,0.0,700.0,True,41,HARVEST,True
81,3,F,SHEEP,63,96.0,700.0,True,36,HARVEST,True
84,3,F,SHEEP,60,160.0,734.0,True,33,HARVEST,True
99,4,F,COW,93,66.0,452.0,True,42,HARVEST,True
102,4,F,COW,90,165.0,1481.0,True,40,HARVEST,True
105,4,F,COW,159,0.0,1316.0,True,35,HARVEST,True
124,5,F,COW,68,0.0,0.0,True,42,HARVEST,True
125,5,H0,COW,139,0.0,455.0,True,42,HARVEST,True
127,5,F,COW,65,0.0,455.0,True,41,HARVEST,True
149,6,H3,SHEEP,999,160.0,3227.0,True,44,HARVEST,True
152,6,H3,SHEEP,999,288.0,3195.0,True,40,HARVEST,True
153,6,F,COW,111,224.0,3131.0,True,37,HARVEST,True
156,6,H3,COW,156,0.0,2907.0,True,33,HARVEST,True
174,7,H4,COW,138,210.0,2231.0,True,47,HARVEST,True
177,7,F,COW,87,455.0,2161.0,True,45,HARVEST,True
177,7,H2,SHEEP,135,455.0,2161.0,True,45,HARVEST,True
182,7,H2,SHEEP,130,840.0,1706.0,True,36,HARVEST,True
195,8,F,COW,999,0.0,1534.0,True,60,WATER,True
196,8,H0,COW,164,0.0,2854.0,True,59,WATER,True
198,8,F,COW,999,0.0,3394.0,True,57,WATER,True
199,8,H0,COW,161,0.0,3394.0,True,56,WATER,True
199,8,H1,COW,113,0.0,3394.0,True,56,WATER,True
201,8,F,COW,63,0.0,3394.0,True,51,WATER,True
202,8,H0,SHEEP,110,0.0,3394.0,True,49,WATER,True
205,8,H0,SHEEP,107,0.0,3394.0,True,40,HARVEST,True
221,9,H0,SHEEP,91,0.0,968.0,True,61,WATER,True
222,9,H3,COW,90,0.0,968.0,True,58,WATER,True
224,9,H0,SHEEP,88,0.0,968.0,True,57,WATER,True
224,9,H2,COW,136,0.0,968.0,True,57,WATER,True
227,9,H2,COW,133,0.0,968.0,True,49,HARVEST,True
229,9,F,SHEEP,999,0.0,1079.0,True,44,HARVEST,True
232,9,F,SHEEP,999,800.0,1449.0,True,40,HARVEST,True
243,10,F,COW,999,37.0,10561.0,True,71,WATER,True
244,10,H4,COW,116,111.0,10561.0,True,70,WATER,True
246,10,F,COW,999,333.0,16150.0,True,68,WATER,True
247,10,H2,COW,161,481.0,16150.0,True,65,WATER,True
247,10,H4,COW,113,481.0,16150.0,True,65,WATER,True
248,10,H3,SHEEP,999,596.0,16113.0,True,60,WATER,True
250,10,H4,COW,158,791.0,15928.0,True,53,WATER,True
252,10,H3,COW,60,950.0,15747.0,True,46,WATER,True
254,10,H4,SHEEP,58,4698.0,15600.0,True,41,WATER,True
268,11,H0,COW,92,156.0,4729.0,True,50,WATER,True
270,11,H7,COW,138,429.0,7619.0,True,48,WATER,True
271,11,H0,COW,89,624.0,7619.0,True,45,WATER,True
271,11,H1,SHEEP,137,624.0,7619.0,True,45,WATER,True
271,11,H12,COW,137,624.0,7619.0,True,45,WATER,True
272,11,F,COW,999,780.0,7541.0,True,42,WATER,True
275,11,F,COW,999,1209.0,7190.0,True,37,WATER,True
276,11,H1,SHEEP,132,1287.0,7118.0,True,37,WATER,True
291,12,F,COW,999,123.0,4459.0,True,94,WATER,True
292,12,H0,COW,68,246.0,4607.0,True,92,WATER,True
292,12,H1,SHEEP,116,246.0,4607.0,True,92,WATER,True
293,12,H3,SHEEP,999,492.0,5867.0,True,91,WATER,True
294,12,F,COW,999,656.0,5867.0,True,89,WATER,True
294,12,H4,COW,114,656.0,5867.0,True,89,WATER,True
295,12,H0,COW,65,738.0,5867.0,True,87,WATER,True
295,12,H1,SHEEP,113,738.0,5867.0,True,87,WATER,True
296,12,H3,SHEEP,999,779.0,5744.0,True,87,WATER,True
298,12,H0,COW,110,533.0,5375.0,True,80,WATER,True
316,13,H1,SHEEP,92,0.0,0.0,True,95,WATER,True
317,13,H4,SHEEP,999,0.0,4296.0,True,93,WATER,True
318,13,H3,COW,999,0.0,4296.0,True,91,WATER,True
319,13,H1,SHEEP,89,0.0,4296.0,True,88,WATER,True
320,13,H4,SHEEP,999,0.0,4296.0,True,85,WATER,True
321,13,F,COW,999,0.0,4296.0,True,81,WATER,True
322,13,H0,COW,86,0.0,4296.0,True,77,WATER,True
325,13,H4,COW,83,0.0,4464.0,True,66,WATER,True
339,14,F,COW,999,42.0,2923.0,True,96,WATER,True
341,14,H3,SHEEP,67,336.0,3943.0,True,94,WATER,True
342,14,F,COW,999,504.0,3943.0,True,92,WATER,True
343,14,H2,COW,65,672.0,3943.0,True,89,WATER,True
344,14,H3,SHEEP,64,840.0,3901.0,True,88,WATER,True
346,14,H4,COW,62,1050.0,3607.0,True,83,WATER,True
353,14,H4,SHEEP,999,991.0,2011.0,True,72,WATER,True
363,15,F,COW,999,0.0,1473.0,True,101,WATER,True
364,15,H0,COW,999,0.0,1595.0,True,99,WATER,True
366,15,F,COW,999,0.0,5111.0,True,95,WATER,True
366,15,H3,COW,999,0.0,5111.0,True,95,WATER,True
367,15,H0,COW,999,0.0,5111.0,True,91,WATER,True
367,15,H9,SHEEP,999,0.0,5111.0,True,91,WATER,True
369,15,F,COW,999,0.0,6509.0,True,83,WATER,True
374,15,F,SHEEP,999,1473.0,6959.0,True,54,WATER,True
387,16,F,COW,999,1443.0,3936.0,True,98,WATER,True
390,16,F,COW,999,675.0,3370.0,True,92,WATER,True
390,16,H2,SHEEP,999,675.0,3370.0,True,92,WATER,True
401,16,H4,SHEEP,999,711.0,2245.0,True,68,WATER,True
412,17,H0,COW,999,0.0,6502.0,True,107,WATER,True
412,17,H1,SHEEP,999,0.0,6502.0,True,107,WATER,True
414,17,H3,COW,999,0.0,9572.0,True,103,WATER,True
415,17,H0,COW,137,0.0,9572.0,True,99,WATER,True
415,17,H1,SHEEP,999,0.0,9572.0,True,99,WATER,True
416,17,H4,COW,999,0.0,9572.0,True,95,WATER,True
417,17,F,COW,999,0.0,9572.0,True,90,WATER,True
418,17,H0,COW,999,0.0,9572.0,True,86,WATER,True
435,18,F,COW,999,46.0,9318.0,True,102,WATER,True
437,18,H3,SHEEP,999,460.0,10344.0,True,100,WATER,True
438,18,F,COW,999,690.0,10344.0,True,97,WATER,True
438,18,H0,SHEEP,999,690.0,10344.0,True,97,WATER,True
441,18,H0,SHEEP,999,1012.0,10114.0,True,85,WATER,True
460,19,H0,COW,999,141.0,13223.0,True,115,WATER,True
461,19,H4,SHEEP,999,329.0,17599.0,True,112,WATER,True
462,19,H3,COW,999,517.0,17599.0,True,110,WATER,True
463,19,H0,COW,89,705.0,17599.0,True,107,WATER,True
464,19,H4,COW,999,893.0,17552.0,True,102,WATER,True
465,19,F,COW,999,1081.0,17458.0,True,98,WATER,True
466,19,H0,COW,999,4409.0,17270.0,True,92,WATER,True
470,19,H0,SHEEP,999,7891.0,17145.0,True,72,WATER,True
483,20,F,COW,999,192.0,1104.0,True,103,WATER,True
484,20,H1,SHEEP,999,480.0,2634.0,True,102,WATER,True
486,20,F,COW,999,1104.0,5654.0,True,98,WATER,True
487,20,H1,SHEEP,999,1104.0,5654.0,True,97,WATER,True
491,20,H0,COW,999,0.0,4550.0,True,77,WATER,True
507,21,F,COW,999,0.0,16717.0,True,139,HARVEST,True
508,21,H0,COW,999,0.0,16717.0,True,137,HARVEST,True
508,21,H1,SHEEP,999,0.0,16717.0,True,137,HARVEST,True
509,21,H3,SHEEP,999,0.0,18352.0,True,136,HARVEST,True
511,21,H1,SHEEP,999,936.0,18352.0,True,129,HARVEST,True
512,21,H3,COW,999,936.0,18352.0,True,126,HARVEST,True
513,21,F,COW,999,936.0,18352.0,True,119,HARVEST,True
513,21,H4,COW,999,936.0,18352.0,True,119,HARVEST,True
514,21,H0,COW,999,1176.0,18352.0,True,112,HARVEST,True
517,21,F,SHEEP,999,1434.0,17861.0,True,93,HARVEST,True
531,22,F,COW,999,245.0,4002.0,True,111,WATER,True
533,22,H4,SHEEP,999,788.0,12866.0,True,107,WATER,True
534,22,F,COW,999,1038.0,12983.0,True,105,WATER,True
536,22,H4,SHEEP,999,1185.0,12738.0,True,102,WATER,True
536,22,H8,COW,999,1185.0,12738.0,True,102,WATER,True
538,22,H0,COW,999,642.0,12195.0,True,92,WATER,True
555,23,F,COW,999,0.0,6067.0,True,131,HARVEST,True
556,23,H0,COW,999,0.0,6067.0,True,129,HARVEST,True
556,23,H1,SHEEP,999,0.0,6067.0,True,129,HARVEST,True
558,23,H3,COW,999,0.0,13269.0,True,125,HARVEST,True
559,23,H0,COW,999,0.0,13269.0,True,122,HARVEST,True
559,23,H1,SHEEP,999,0.0,13269.0,True,122,HARVEST,True
560,23,H8,COW,999,0.0,13269.0,True,114,HARVEST,True
561,23,F,COW,999,0.0,13269.0,True,112,HARVEST,True
562,23,H0,COW,999,0.0,13269.0,True,110,HARVEST,True
577,24,F,COW,999,0.0,4036.0,True,110,WATER,True
580,24,H0,COW,999,468.0,5934.0,True,103,WATER,True
581,24,H3,SHEEP,999,728.0,9252.0,True,100,WATER,True
582,24,F,COW,999,832.0,9632.0,True,98,WATER,True
584,24,H3,SHEEP,999,988.0,9424.0,True,89,WATER,True
604,25,H0,COW,999,0.0,7587.0,True,130,HARVEST,True
605,25,H4,SHEEP,999,0.0,8665.0,True,127,HARVEST,True
607,25,H0,COW,999,0.0,8665.0,True,123,HARVEST,True
608,25,H4,SHEEP,999,1410.0,8665.0,True,115,HARVEST,True
609,25,F,COW,999,1410.0,8665.0,True,112,HARVEST,True
610,25,H0,COW,999,1410.0,8665.0,True,111,HARVEST,True
612,25,H3,COW,999,1410.0,8877.0,True,101,HARVEST,True
612,25,H4,COW,999,1410.0,8877.0,True,101,HARVEST,True
627,26,F,COW,999,212.0,2030.0,True,108,WATER,True
628,26,H1,SHEEP,999,371.0,3018.0,True,106,WATER,True
630,26,F,COW,999,901.0,6170.0,True,102,WATER,True
631,26,H1,SHEEP,999,1325.0,6170.0,True,100,WATER,True
632,26,H4,SHEEP,999,1113.0,5958.0,True,94,WATER,True
652,27,H0,COW,999,0.0,5315.0,True,134,HARVEST,True
652,27,H1,SHEEP,999,0.0,5315.0,True,134,HARVEST,True
653,27,H3,SHEEP,999,0.0,9755.0,True,132,HARVEST,True
655,27,H0,COW,999,0.0,9755.0,True,129,HARVEST,True
656,27,H3,SHEEP,999,0.0,9755.0,True,124,HARVEST,True
656,27,H6,COW,999,0.0,9755.0,True,124,HARVEST,True
657,27,F,COW,999,0.0,9755.0,True,123,HARVEST,True
658,27,H0,COW,999,0.0,9755.0,True,116,HARVEST,True
660,27,H3,COW,999,0.0,9755.0,True,108,HARVEST,True
675,28,F,COW,999,0.0,4083.0,True,103,HARVEST,True
677,28,H3,SHEEP,999,0.0,8316.0,True,97,HARVEST,True
677,28,H4,SHEEP,999,0.0,8316.0,True,97,HARVEST,True
678,28,F,COW,999,0.0,8328.0,True,94,HARVEST,True
680,28,H3,SHEEP,999,0.0,9970.0,True,89,HARVEST,True
680,28,H4,SHEEP,999,0.0,9970.0,True,89,HARVEST,True
8,0,H3,SHEEP,136,0.0,0.0,True,5,HARVEST,False
13,0,H3,SHEEP,131,0.0,0.0,True,9,HARVEST,False
25,1,F,COW,167,0.0,198.0,True,38,HARVEST,False
30,1,F,COW,162,0.0,394.0,True,38,HARVEST,False
33,1,F,SHEEP,111,0.0,456.0,True,38,HARVEST,False
35,1,F,SHEEP,109,198.0,549.0,True,38,HARVEST,False
51,2,H1,COW,141,217.0,1023.0,True,42,HARVEST,False
52,2,F,SHEEP,92,248.0,992.0,True,41,HARVEST,False
54,2,H1,COW,138,310.0,1318.0,True,40,HARVEST,False
55,2,F,SHEEP,89,310.0,1256.0,True,38,HARVEST,False
75,3,F,COW,117,0.0,320.0,True,41,HARVEST,False
78,3,F,COW,114,0.0,700.0,True,41,HARVEST,False
81,3,F,SHEEP,63,96.0,700.0,True,36,HARVEST,False
84,3,F,SHEEP,60,160.0,734.0,True,33,HARVEST,False
99,4,F,COW,93,66.0,452.0,True,42,HARVEST,False
102,4,F,COW,90,165.0,1481.0,True,40,HARVEST,False
105,4,F,COW,159,0.0,1316.0,True,35,HARVEST,False
124,5,F,COW,68,0.0,0.0,True,42,HARVEST,False
125,5,H0,COW,139,0.0,455.0,True,42,HARVEST,False
127,5,F,COW,65,0.0,455.0,True,41,HARVEST,False
149,6,H3,SHEEP,999,160.0,3227.0,True,44,HARVEST,False
152,6,H3,SHEEP,999,288.0,3195.0,True,40,HARVEST,False
153,6,F,COW,111,224.0,3131.0,True,37,HARVEST,False
156,6,H3,COW,156,0.0,2907.0,True,33,HARVEST,False
174,7,H4,COW,138,210.0,2231.0,True,47,HARVEST,False
177,7,F,COW,87,455.0,2161.0,True,45,HARVEST,False
177,7,H2,SHEEP,135,455.0,2161.0,True,45,HARVEST,False
182,7,H2,SHEEP,130,840.0,1706.0,True,36,HARVEST,False
195,8,F,COW,999,0.0,1534.0,True,60,WATER,False
196,8,H0,COW,164,0.0,2854.0,True,59,WATER,False
198,8,F,COW,999,0.0,3394.0,True,57,WATER,False
199,8,H0,COW,161,0.0,3394.0,True,56,WATER,False
199,8,H1,COW,113,0.0,3394.0,True,56,WATER,False
201,8,F,COW,63,0.0,3394.0,True,51,WATER,False
202,8,H0,SHEEP,110,0.0,3394.0,True,49,WATER,False
205,8,H0,SHEEP,107,0.0,3394.0,True,40,HARVEST,False
221,9,H0,SHEEP,91,0.0,968.0,True,61,WATER,False
222,9,H3,COW,90,0.0,968.0,True,58,WATER,False
224,9,H0,SHEEP,88,0.0,968.0,True,57,WATER,False
224,9,H2,COW,136,0.0,968.0,True,57,WATER,False
227,9,H2,COW,133,0.0,968.0,True,49,HARVEST,False
229,9,F,SHEEP,999,0.0,1079.0,True,44,HARVEST,False
232,9,F,SHEEP,999,800.0,1449.0,True,40,HARVEST,False
243,10,F,COW,999,37.0,10561.0,True,71,WATER,False
244,10,H4,COW,116,111.0,10561.0,True,70,WATER,False
246,10,F,COW,999,333.0,16150.0,True,68,WATER,False
247,10,H2,COW,161,481.0,16150.0,True,65,WATER,False
247,10,H4,COW,113,481.0,16150.0,True,65,WATER,False
248,10,H3,SHEEP,999,596.0,16113.0,True,60,WATER,False
250,10,H4,COW,158,791.0,15928.0,True,53,WATER,False
252,10,H3,COW,60,950.0,15747.0,True,46,WATER,False
254,10,H4,SHEEP,58,4698.0,15600.0,True,41,WATER,False
268,11,H0,COW,92,156.0,4729.0,True,50,WATER,False
270,11,H7,COW,138,429.0,7619.0,True,48,WATER,False
271,11,H0,COW,89,624.0,7619.0,True,45,WATER,False
271,11,H1,SHEEP,137,624.0,7619.0,True,45,WATER,False
271,11,H12,COW,137,624.0,7619.0,True,45,WATER,False
272,11,F,COW,999,780.0,7541.0,True,42,WATER,False
275,11,F,COW,999,1209.0,7190.0,True,37,WATER,False
276,11,H1,SHEEP,132,1287.0,7118.0,True,37,WATER,False
291,12,F,COW,999,123.0,4459.0,True,94,WATER,False
292,12,H0,COW,68,246.0,4607.0,True,92,WATER,False
292,12,H1,SHEEP,116,246.0,4607.0,True,92,WATER,False
293,12,H3,SHEEP,999,492.0,5867.0,True,91,WATER,False
294,12,F,COW,999,656.0,5867.0,True,89,WATER,False
294,12,H4,COW,114,656.0,5867.0,True,89,WATER,False
295,12,H0,COW,65,738.0,5867.0,True,87,WATER,False
295,12,H1,SHEEP,113,738.0,5867.0,True,87,WATER,False
296,12,H3,SHEEP,999,779.0,5744.0,True,87,WATER,False
298,12,H0,COW,110,533.0,5375.0,True,80,WATER,False
316,13,H1,SHEEP,92,0.0,0.0,True,95,WATER,False
317,13,H4,SHEEP,999,0.0,4296.0,True,93,WATER,False
318,13,H3,COW,999,0.0,4296.0,True,91,WATER,False
319,13,H1,SHEEP,89,0.0,4296.0,True,88,WATER,False
320,13,H4,SHEEP,999,0.0,4296.0,True,85,WATER,False
321,13,F,COW,999,0.0,4296.0,True,81,WATER,False
322,13,H0,COW,86,0.0,4296.0,True,77,WATER,False
325,13,H4,COW,83,0.0,4464.0,True,66,WATER,False
339,14,F,COW,999,42.0,2923.0,True,96,WATER,False
341,14,H3,SHEEP,67,336.0,3943.0,True,94,WATER,False
342,14,F,COW,999,504.0,3943.0,True,92,WATER,False
343,14,H2,COW,65,672.0,3943.0,True,89,WATER,False
344,14,H3,SHEEP,64,840.0,3901.0,True,88,WATER,False
346,14,H4,COW,62,1050.0,3607.0,True,83,WATER,False
353,14,H4,SHEEP,999,991.0,2011.0,True,72,WATER,False
363,15,F,COW,999,0.0,1473.0,True,101,WATER,False
364,15,H0,COW,999,0.0,1595.0,True,99,WATER,False
366,15,F,COW,999,0.0,5111.0,True,95,WATER,False
366,15,H3,COW,999,0.0,5111.0,True,95,WATER,False
367,15,H0,COW,999,0.0,5111.0,True,91,WATER,False
367,15,H9,SHEEP,999,0.0,5111.0,True,91,WATER,False
369,15,F,COW,999,0.0,6509.0,True,83,WATER,False
374,15,F,SHEEP,999,1473.0,6959.0,True,54,WATER,False
387,16,F,COW,999,1443.0,3936.0,True,98,WATER,False
390,16,F,COW,999,675.0,3370.0,True,92,WATER,False
390,16,H2,SHEEP,999,675.0,3370.0,True,92,WATER,False
401,16,H4,SHEEP,999,711.0,2245.0,True,68,WATER,False
412,17,H0,COW,999,0.0,6502.0,True,107,WATER,False
412,17,H1,SHEEP,999,0.0,6502.0,True,107,WATER,False
414,17,H3,COW,999,0.0,9572.0,True,103,WATER,False
415,17,H0,COW,137,0.0,9572.0,True,99,WATER,False
415,17,H1,SHEEP,999,0.0,9572.0,True,99,WATER,False
416,17,H4,COW,999,0.0,9572.0,True,95,WATER,False
417,17,F,COW,999,0.0,9572.0,True,90,WATER,False
418,17,H0,COW,999,0.0,9572.0,True,86,WATER,False
435,18,F,COW,999,46.0,9318.0,True,102,WATER,False
437,18,H3,SHEEP,999,460.0,10344.0,True,100,WATER,False
438,18,F,COW,999,690.0,10344.0,True,97,WATER,False
438,18,H0,SHEEP,999,690.0,10344.0,True,97,WATER,False
441,18,H0,SHEEP,999,1012.0,10114.0,True,85,WATER,False
460,19,H0,COW,999,141.0,13223.0,True,115,WATER,False
461,19,H4,SHEEP,999,329.0,17599.0,True,112,WATER,False
462,19,H3,COW,999,517.0,17599.0,True,110,WATER,False
463,19,H0,COW,89,705.0,17599.0,True,107,WATER,False
464,19,H4,COW,999,893.0,17552.0,True,102,WATER,False
465,19,F,COW,999,1081.0,17458.0,True,98,WATER,False
466,19,H0,COW,999,4409.0,17270.0,True,92,WATER,False
470,19,H0,SHEEP,999,7891.0,17145.0,True,72,WATER,False
483,20,F,COW,999,192.0,1104.0,True,103,WATER,False
484,20,H1,SHEEP,999,480.0,2634.0,True,102,WATER,False
486,20,F,COW,999,1104.0,5654.0,True,98,WATER,False
487,20,H1,SHEEP,999,1104.0,5654.0,True,97,WATER,False
491,20,H0,COW,999,0.0,4550.0,True,77,WATER,False
507,21,F,COW,999,0.0,16717.0,True,139,HARVEST,False
508,21,H0,COW,999,0.0,16717.0,True,137,HARVEST,False
508,21,H1,SHEEP,999,0.0,16717.0,True,137,HARVEST,False
509,21,H3,SHEEP,999,0.0,18352.0,True,136,HARVEST,False
511,21,H1,SHEEP,999,936.0,18352.0,True,129,HARVEST,False
512,21,H3,COW,999,936.0,18352.0,True,126,HARVEST,False
513,21,F,COW,999,936.0,18352.0,True,119,HARVEST,False
513,21,H4,COW,999,936.0,18352.0,True,119,HARVEST,False
514,21,H0,COW,999,1176.0,18352.0,True,112,HARVEST,False
517,21,F,SHEEP,999,1434.0,17861.0,True,93,HARVEST,False
531,22,F,COW,999,245.0,4002.0,True,111,WATER,False
533,22,H4,SHEEP,999,788.0,12866.0,True,107,WATER,False
534,22,F,COW,999,1038.0,12983.0,True,105,WATER,False
536,22,H4,SHEEP,999,1185.0,12738.0,True,102,WATER,False
536,22,H8,COW,999,1185.0,12738.0,True,102,WATER,False
538,22,H0,COW,999,642.0,12195.0,True,92,WATER,False
555,23,F,COW,999,0.0,6067.0,True,131,HARVEST,False
556,23,H0,COW,999,0.0,6067.0,True,129,HARVEST,False
556,23,H1,SHEEP,999,0.0,6067.0,True,129,HARVEST,False
558,23,H3,COW,999,0.0,13269.0,True,125,HARVEST,False
559,23,H0,COW,999,0.0,13269.0,True,122,HARVEST,False
559,23,H1,SHEEP,999,0.0,13269.0,True,122,HARVEST,False
560,23,H8,COW,999,0.0,13269.0,True,114,HARVEST,False
561,23,F,COW,999,0.0,13269.0,True,112,HARVEST,False
562,23,H0,COW,999,0.0,13269.0,True,110,HARVEST,False
577,24,F,COW,999,0.0,4036.0,True,110,WATER,False
580,24,H0,COW,999,468.0,5934.0,True,103,WATER,False
581,24,H3,SHEEP,999,728.0,9252.0,True,100,WATER,False
582,24,F,COW,999,832.0,9632.0,True,98,WATER,False
584,24,H3,SHEEP,999,988.0,9424.0,True,89,WATER,False
604,25,H0,COW,999,0.0,7587.0,True,130,HARVEST,False
605,25,H4,SHEEP,999,0.0,8665.0,True,127,HARVEST,False
607,25,H0,COW,999,0.0,8665.0,True,123,HARVEST,False
608,25,H4,SHEEP,999,1410.0,8665.0,True,115,HARVEST,False
609,25,F,COW,999,1410.0,8665.0,True,112,HARVEST,False
610,25,H0,COW,999,1410.0,8665.0,True,111,HARVEST,False
612,25,H3,COW,999,1410.0,8877.0,True,101,HARVEST,False
612,25,H4,COW,999,1410.0,8877.0,True,101,HARVEST,False
627,26,F,COW,999,212.0,2030.0,True,108,WATER,False
628,26,H1,SHEEP,999,371.0,3018.0,True,106,WATER,False
630,26,F,COW,999,901.0,6170.0,True,102,WATER,False
631,26,H1,SHEEP,999,1325.0,6170.0,True,100,WATER,False
632,26,H4,SHEEP,999,1113.0,5958.0,True,94,WATER,False
652,27,H0,COW,999,0.0,5315.0,True,134,HARVEST,False
652,27,H1,SHEEP,999,0.0,5315.0,True,134,HARVEST,False
653,27,H3,SHEEP,999,0.0,9755.0,True,132,HARVEST,False
655,27,H0,COW,999,0.0,9755.0,True,129,HARVEST,False
656,27,H3,SHEEP,999,0.0,9755.0,True,124,HARVEST,False
656,27,H6,COW,999,0.0,9755.0,True,124,HARVEST,False
657,27,F,COW,999,0.0,9755.0,True,123,HARVEST,False
658,27,H0,COW,999,0.0,9755.0,True,116,HARVEST,False
660,27,H3,COW,999,0.0,9755.0,True,108,HARVEST,False
675,28,F,COW,999,0.0,4083.0,True,103,HARVEST,False
677,28,H3,SHEEP,999,0.0,8316.0,True,97,HARVEST,False
677,28,H4,SHEEP,999,0.0,8316.0,True,97,HARVEST,False
678,28,F,COW,999,0.0,8328.0,True,94,HARVEST,False
680,28,H3,SHEEP,999,0.0,9970.0,True,89,HARVEST,False
680,28,H4,SHEEP,999,0.0,9970.0,True,89,HARVEST,False
9,0,F,SHEEP,135,0.0,0.0,True,5,HARVEST,True
10,0,H0,COW,182,0.0,0.0,True,6,HARVEST,True
15,0,H0,COW,177,0.0,0.0,True,9,HARVEST,True
21,0,H0,SHEEP,123,0.0,0.0,True,18,HARVEST,True
29,1,F,COW,163,0.0,392.0,True,38,HARVEST,True
32,1,F,COW,160,0.0,392.0,True,38,HARVEST,True
36,1,F,SHEEP,108,0.0,392.0,True,38,HARVEST,True
40,1,F,SHEEP,104,0.0,392.0,True,38,HARVEST,True
53,2,F,COW,139,0.0,388.0,True,41,HARVEST,True
57,2,F,COW,135,0.0,388.0,True,36,HARVEST,True
62,2,F,SHEEP,82,0.0,388.0,True,31,HARVEST,True
67,2,F,SHEEP,77,0.0,388.0,True,24,HARVEST,True
77,3,F,COW,115,0.0,380.0,True,41,HARVEST,True
81,3,F,COW,111,0.0,380.0,True,39,HARVEST,True
86,3,F,SHEEP,58,0.0,380.0,True,35,HARVEST,True
101,4,F,COW,91,0.0,1097.0,True,41,HARVEST,True
105,4,F,COW,87,0.0,1097.0,True,35,HARVEST,True
125,5,F,COW,67,0.0,368.0,True,39,HARVEST,True
129,5,F,COW,63,0.0,368.0,True,38,HARVEST,True
159,6,F,SHEEP,57,0.0,2396.0,True,32,HARVEST,True
177,7,H0,COW,183,0.0,352.0,True,46,HARVEST,True
181,7,H0,COW,179,0.0,352.0,True,40,HARVEST,True
197,8,F,COW,163,0.0,3393.0,True,63,WATER,True
197,8,H0,COW,163,0.0,3393.0,True,63,WATER,True
202,8,H1,COW,182,0.0,3393.0,True,54,WATER,True
204,8,H1,COW,999,0.0,3393.0,True,54,WATER,True
221,9,H1,COW,139,0.0,1638.0,True,61,WATER,True
222,9,H0,COW,138,0.0,1638.0,True,60,WATER,True
223,9,F,COW,161,0.0,1638.0,True,55,WATER,True
227,9,H0,SHEEP,61,0.0,1638.0,True,43,WATER,True
245,10,F,COW,115,36.0,18138.0,True,64,WATER,True
245,10,H1,COW,115,36.0,18138.0,True,64,WATER,True
247,10,H0,COW,137,72.0,18138.0,True,60,WATER,True
252,10,H0,COW,180,3480.0,18066.0,True,51,WATER,True
270,11,F,COW,90,0.0,0.0,True,59,WATER,True
270,11,H0,COW,90,0.0,0.0,True,59,WATER,True
272,11,H2,SHEEP,136,0.0,0.0,True,58,WATER,True
274,11,H1,COW,158,0.0,0.0,True,48,WATER,True
274,11,H3,SHEEP,134,0.0,0.0,True,48,WATER,True
277,11,H2,SHEEP,131,0.0,0.0,True,42,WATER,True
278,11,H1,COW,106,0.0,0.0,True,39,WATER,True
279,11,H3,COW,177,0.0,0.0,True,40,WATER,True
284,11,H1,SHEEP,124,0.0,0.0,True,30,HARVEST,True
288,11,H1,COW,168,0.0,0.0,True,32,HARVEST,True
292,12,H3,COW,68,0.0,0.0,True,97,WATER,True
293,12,F,SHEEP,115,0.0,3813.0,True,94,WATER,True
293,12,H0,COW,163,0.0,3813.0,True,94,WATER,True
293,12,H2,SHEEP,115,0.0,3813.0,True,94,WATER,True
294,12,H1,COW,66,0.0,3813.0,True,93,WATER,True
297,12,F,COW,159,0.0,3813.0,True,84,WATER,True
297,12,H0,SHEEP,111,0.0,3813.0,True,84,WATER,True
297,12,H2,COW,135,0.0,3813.0,True,84,WATER,True
299,12,H1,SHEEP,61,0.0,3813.0,True,82,WATER,True
301,12,H2,COW,83,0.0,3813.0,True,76,WATER,True
306,12,H2,SHEEP,102,0.0,3813.0,True,69,WATER,True
318,13,F,SHEEP,90,0.0,1240.0,True,91,WATER,True
318,13,H3,SHEEP,90,0.0,1240.0,True,91,WATER,True
320,13,H1,COW,136,0.0,1240.0,True,84,WATER,True
322,13,F,COW,134,0.0,1240.0,True,77,WATER,True
322,13,H3,COW,110,0.0,1240.0,True,77,WATER,True
324,13,H1,SHEEP,84,0.0,1240.0,True,67,WATER,True
326,13,H3,COW,58,0.0,1240.0,True,59,WATER,True
331,13,H3,SHEEP,77,0.0,1240.0,True,40,WATER,True
341,14,F,SHEEP,67,0.0,2166.0,True,93,WATER,True
341,14,H2,SHEEP,67,0.0,2166.0,True,93,WATER,True
343,14,H1,COW,113,0.0,2166.0,True,88,WATER,True
345,14,F,COW,111,0.0,2166.0,True,80,WATER,True
345,14,H2,COW,87,0.0,2166.0,True,80,WATER,True
347,14,H1,SHEEP,61,0.0,2166.0,True,76,WATER,True
351,14,H1,SHEEP,57,0.0,2166.0,True,68,WATER,True
366,15,H0,COW,90,0.0,4400.0,True,92,WATER,True
370,15,F,COW,86,0.0,4400.0,True,77,WATER,True
370,15,H2,COW,62,0.0,4400.0,True,77,WATER,True
373,15,H1,SHEEP,59,0.0,4400.0,True,63,WATER,True
392,16,H1,COW,64,0.0,2504.0,True,91,WATER,True
394,16,F,COW,62,0.0,2504.0,True,83,WATER,True
415,17,F,SHEEP,65,0.0,8677.0,True,112,WATER,True
415,17,H3,SHEEP,65,0.0,8677.0,True,112,WATER,True
421,17,H1,SHEEP,59,1024.0,8677.0,True,86,WATER,True
425,17,H1,SHEEP,999,0.0,7653.0,True,72,WATER,True
444,18,H1,SHEEP,60,0.0,7666.0,True,83,WATER,True
448,18,H1,SHEEP,999,1651.0,7666.0,True,69,WATER,True
487,20,F,SHEEP,65,0.0,8928.0,True,95,WATER,True
487,20,H3,SHEEP,65,0.0,8928.0,True,95,WATER,True
493,20,H1,SHEEP,59,0.0,8928.0,True,72,WATER,True
498,20,F,SHEEP,126,4920.0,9928.0,True,50,WATER,True
517,21,H1,SHEEP,59,1488.0,10047.0,True,104,HARVEST,True
559,23,F,SHEEP,65,531.0,17312.0,True,136,HARVEST,True
559,23,H3,SHEEP,65,531.0,17312.0,True,136,HARVEST,True
566,23,H1,SHEEP,58,2674.0,14950.0,True,107,HARVEST,True
588,24,H1,SHEEP,60,2160.0,10697.0,True,93,HARVEST,True
597,24,H0,SHEEP,999,6737.0,6737.0,True,56,HARVEST,True
631,26,F,SHEEP,65,0.0,7808.0,True,115,WATER,True
631,26,H3,SHEEP,65,0.0,7808.0,True,115,WATER,True
637,26,H1,SHEEP,59,0.0,7808.0,True,94,HARVEST,True
641,26,H1,SHEEP,999,0.0,7808.0,True,74,HARVEST,True
661,27,H1,SHEEP,999,1796.0,8072.0,True,99,HARVEST,True
670,27,H1,SHEEP,999,3529.0,3829.0,True,80,HARVEST,True
683,28,H0,SHEEP,999,0.0,4576.0,True,78,HARVEST,True
683,28,H3,COW,999,0.0,4576.0,True,78,HARVEST,True
684,28,H2,COW,999,0.0,4576.0,True,74,HARVEST,True
686,28,F,SHEEP,999,0.0,4576.0,True,71,HARVEST,True
687,28,H4,COW,999,0.0,4576.0,True,67,HARVEST,True
688,28,H3,COW,999,0.0,4576.0,True,62,HARVEST,True
8,0,H3,SHEEP,136,0.0,0.0,True,5,HARVEST,False
13,0,H3,SHEEP,131,0.0,0.0,True,9,HARVEST,False
25,1,F,COW,167,0.0,200.0,True,38,HARVEST,False
30,1,F,COW,162,0.0,396.0,True,38,HARVEST,False
33,1,F,SHEEP,111,0.0,457.0,True,38,HARVEST,False
35,1,F,SHEEP,109,200.0,550.0,True,38,HARVEST,False
51,2,H1,COW,141,216.0,1022.0,True,42,HARVEST,False
52,2,F,SHEEP,92,248.0,992.0,True,41,HARVEST,False
54,2,H1,COW,138,310.0,1318.0,True,40,HARVEST,False
55,2,F,SHEEP,89,310.0,1256.0,True,38,HARVEST,False
75,3,F,COW,117,0.0,320.0,True,41,HARVEST,False
78,3,F,COW,114,0.0,700.0,True,41,HARVEST,False
81,3,F,SHEEP,63,96.0,700.0,True,36,HARVEST,False
84,3,F,SHEEP,60,160.0,734.0,True,33,HARVEST,False
99,4,F,COW,93,66.0,454.0,True,42,HARVEST,False
102,4,F,COW,90,165.0,1458.0,True,40,HARVEST,False
105,4,F,COW,159,0.0,1293.0,True,35,HARVEST,False
124,5,F,COW,68,0.0,0.0,True,42,HARVEST,False
125,5,H0,COW,139,0.0,460.0,True,42,HARVEST,False
127,5,F,COW,65,0.0,460.0,True,41,HARVEST,False
149,6,H3,SHEEP,999,159.0,3255.0,True,44,HARVEST,False
152,6,H3,SHEEP,999,288.0,3224.0,True,40,HARVEST,False
153,6,F,COW,111,224.0,3160.0,True,37,HARVEST,False
156,6,H3,COW,156,0.0,2936.0,True,33,HARVEST,False
174,7,H4,COW,138,198.0,2186.0,True,47,HARVEST,False
177,7,F,COW,87,436.0,2120.0,True,45,HARVEST,False
177,7,H2,SHEEP,135,436.0,2120.0,True,45,HARVEST,False
182,7,H2,SHEEP,130,816.0,1684.0,True,36,HARVEST,False
195,8,F,COW,999,0.0,1422.0,True,60,WATER,False
196,8,H0,COW,164,0.0,2640.0,True,59,WATER,False
198,8,F,COW,999,0.0,3155.0,True,57,WATER,False
199,8,H0,COW,161,0.0,3155.0,True,56,WATER,False
199,8,H1,COW,113,0.0,3155.0,True,56,WATER,False
201,8,F,COW,63,0.0,3155.0,True,51,WATER,False
202,8,H0,SHEEP,110,0.0,3155.0,True,49,WATER,False
205,8,H0,SHEEP,107,0.0,3155.0,True,40,HARVEST,False
221,9,H0,SHEEP,91,0.0,962.0,True,61,WATER,False
222,9,H3,COW,90,0.0,962.0,True,58,WATER,False
224,9,H0,SHEEP,88,0.0,962.0,True,57,WATER,False
224,9,H2,COW,136,0.0,962.0,True,57,WATER,False
227,9,H2,COW,133,0.0,962.0,True,49,HARVEST,False
229,9,F,SHEEP,999,0.0,1070.0,True,44,HARVEST,False
232,9,F,SHEEP,999,792.0,1430.0,True,40,HARVEST,False
243,10,F,COW,999,36.0,9747.0,True,71,WATER,False
244,10,H4,COW,116,108.0,9747.0,True,70,WATER,False
246,10,F,COW,999,324.0,14643.0,True,68,WATER,False
247,10,H2,COW,161,468.0,14643.0,True,65,WATER,False
247,10,H4,COW,113,468.0,14643.0,True,65,WATER,False
248,10,H3,SHEEP,999,576.0,14607.0,True,60,WATER,False
250,10,H4,COW,158,756.0,14427.0,True,53,WATER,False
252,10,H3,COW,60,900.0,14251.0,True,46,WATER,False
254,10,H4,SHEEP,58,4476.0,14117.0,True,41,WATER,False
268,11,H0,COW,92,152.0,4481.0,True,50,WATER,False
270,11,H7,COW,138,418.0,7229.0,True,48,WATER,False
271,11,H0,COW,89,608.0,7229.0,True,45,WATER,False
271,11,H1,SHEEP,137,608.0,7229.0,True,45,WATER,False
271,11,H12,COW,137,608.0,7229.0,True,45,WATER,False
272,11,F,COW,999,760.0,7153.0,True,42,WATER,False
275,11,F,COW,999,1178.0,6811.0,True,37,WATER,False
276,11,H1,SHEEP,132,1254.0,6738.0,True,37,WATER,False
291,12,F,COW,999,117.0,3944.0,True,94,WATER,False
292,12,H0,COW,68,237.0,4104.0,True,92,WATER,False
292,12,H1,SHEEP,116,237.0,4104.0,True,92,WATER,False
293,12,H3,SHEEP,999,477.0,5410.0,True,91,WATER,False
294,12,F,COW,999,637.0,5410.0,True,89,WATER,False
294,12,H4,COW,114,637.0,5410.0,True,89,WATER,False
295,12,H0,COW,65,717.0,5410.0,True,87,WATER,False
295,12,H1,SHEEP,113,717.0,5410.0,True,87,WATER,False
296,12,H3,SHEEP,999,760.0,5293.0,True,87,WATER,False
298,12,H0,COW,110,520.0,4933.0,True,80,WATER,False
316,13,H1,SHEEP,92,0.0,0.0,True,95,WATER,False
317,13,H4,SHEEP,999,0.0,3711.0,True,93,WATER,False
318,13,H3,COW,999,0.0,3711.0,True,91,WATER,False
319,13,H1,SHEEP,89,0.0,3711.0,True,88,WATER,False
320,13,H4,SHEEP,999,0.0,3711.0,True,85,WATER,False
321,13,F,COW,999,0.0,3711.0,True,81,WATER,False
322,13,H0,COW,86,0.0,3711.0,True,77,WATER,False
325,13,H4,COW,83,0.0,3875.0,True,66,WATER,False
339,14,F,COW,999,41.0,2665.0,True,96,WATER,False
341,14,H3,SHEEP,67,328.0,3593.0,True,94,WATER,False
342,14,F,COW,999,492.0,3593.0,True,92,WATER,False
343,14,H2,COW,65,656.0,3593.0,True,89,WATER,False
344,14,H3,SHEEP,64,825.0,3552.0,True,88,WATER,False
346,14,H4,COW,62,1042.0,3265.0,True,83,WATER,False
353,14,H4,SHEEP,999,749.0,1677.0,True,72,WATER,False
363,15,F,COW,999,0.0,1263.0,True,101,WATER,False
364,15,H0,COW,999,0.0,1395.0,True,99,WATER,False
366,15,F,COW,999,0.0,4443.0,True,95,WATER,False
366,15,H3,COW,999,0.0,4443.0,True,95,WATER,False
367,15,H0,COW,999,0.0,4443.0,True,91,WATER,False
367,15,H9,SHEEP,999,0.0,4443.0,True,91,WATER,False
369,15,F,COW,999,0.0,5577.0,True,83,WATER,False
374,15,F,SHEEP,999,1263.0,6017.0,True,54,WATER,False
387,16,F,COW,999,1178.0,3407.0,True,98,WATER,False
390,16,F,COW,999,660.0,3129.0,True,92,WATER,False
390,16,H2,SHEEP,999,660.0,3129.0,True,92,WATER,False
401,16,H4,SHEEP,999,591.0,2029.0,True,68,WATER,False
412,17,H0,COW,999,0.0,5774.0,True,107,WATER,False
412,17,H1,SHEEP,999,0.0,5774.0,True,107,WATER,False
414,17,H3,COW,999,0.0,8548.0,True,103,WATER,False
415,17,H0,COW,137,0.0,8548.0,True,99,WATER,False
415,17,H1,SHEEP,999,0.0,8548.0,True,99,WATER,False
416,17,H4,COW,999,0.0,8548.0,True,95,WATER,False
417,17,F,COW,999,0.0,8548.0,True,90,WATER,False
418,17,H0,COW,999,0.0,8548.0,True,86,WATER,False
435,18,F,COW,999,46.0,3917.0,True,102,WATER,False
437,18,H3,SHEEP,999,460.0,5023.0,True,100,WATER,False
438,18,F,COW,999,690.0,5023.0,True,97,WATER,False
438,18,H0,SHEEP,999,690.0,5023.0,True,97,WATER,False
441,18,H0,SHEEP,999,1012.0,4793.0,True,85,WATER,False
460,19,H0,COW,999,141.0,8371.0,True,115,WATER,False
461,19,H4,SHEEP,999,329.0,12796.0,True,112,WATER,False
462,19,H3,COW,999,517.0,12796.0,True,110,WATER,False
463,19,H0,COW,89,705.0,12796.0,True,107,WATER,False
464,19,H4,COW,999,893.0,12749.0,True,102,WATER,False
465,19,F,COW,999,1081.0,12655.0,True,98,WATER,False
466,19,H0,COW,999,1189.0,12467.0,True,92,WATER,False
470,19,H0,SHEEP,999,3695.0,12354.0,True,72,WATER,False
483,20,F,COW,999,192.0,1123.0,True,103,WATER,False
484,20,H1,SHEEP,999,486.0,2789.0,True,102,WATER,False
486,20,F,COW,999,1123.0,5380.0,True,98,WATER,False
487,20,H1,SHEEP,999,1123.0,5380.0,True,97,WATER,False
491,20,H0,COW,999,0.0,4257.0,True,77,WATER,False
507,21,F,COW,999,0.0,12858.0,True,139,HARVEST,False
508,21,H0,COW,999,0.0,12858.0,True,137,HARVEST,False
508,21,H1,SHEEP,999,0.0,12858.0,True,137,HARVEST,False
509,21,H3,SHEEP,999,0.0,14382.0,True,136,HARVEST,False
511,21,H1,SHEEP,999,4.0,14382.0,True,129,HARVEST,False
512,21,H3,COW,999,4.0,14382.0,True,126,HARVEST,False
513,21,F,COW,999,4.0,14382.0,True,119,HARVEST,False
513,21,H4,COW,999,4.0,14382.0,True,119,HARVEST,False
514,21,H0,COW,999,249.0,14382.0,True,112,HARVEST,False
517,21,F,SHEEP,999,528.0,14828.0,True,93,HARVEST,False
531,22,F,COW,999,250.0,2172.0,True,111,WATER,False
533,22,H4,SHEEP,999,800.0,9040.0,True,107,WATER,False
534,22,F,COW,999,1050.0,9172.0,True,105,WATER,False
536,22,H4,SHEEP,999,1200.0,8922.0,True,102,WATER,False
536,22,H8,COW,999,1200.0,8922.0,True,102,WATER,False
538,22,H0,COW,999,650.0,8372.0,True,92,WATER,False
555,23,F,COW,999,0.0,5353.0,True,131,HARVEST,False
556,23,H0,COW,999,0.0,5353.0,True,129,HARVEST,False
556,23,H1,SHEEP,999,0.0,5353.0,True,129,HARVEST,False
558,23,H3,COW,999,0.0,16122.0,True,125,HARVEST,False
559,23,H0,COW,999,0.0,16122.0,True,122,HARVEST,False
559,23,H1,SHEEP,999,0.0,16122.0,True,122,HARVEST,False
560,23,H8,COW,999,0.0,16122.0,True,114,HARVEST,False
561,23,F,COW,999,0.0,16122.0,True,112,HARVEST,False
562,23,H0,COW,999,0.0,16122.0,True,110,HARVEST,False
577,24,F,COW,999,0.0,3554.0,True,110,WATER,False
580,24,H0,COW,999,477.0,5094.0,True,103,WATER,False
581,24,H3,SHEEP,999,742.0,8871.0,True,100,WATER,False
582,24,F,COW,999,848.0,9095.0,True,98,WATER,False
584,24,H3,SHEEP,999,1007.0,8883.0,True,89,WATER,False
604,25,H0,COW,999,0.0,6651.0,True,130,HARVEST,False
605,25,H4,SHEEP,999,0.0,13410.0,True,127,HARVEST,False
607,25,H0,COW,999,0.0,13410.0,True,123,HARVEST,False
608,25,H4,SHEEP,999,558.0,13410.0,True,115,HARVEST,False
609,25,F,COW,999,558.0,13410.0,True,112,HARVEST,False
610,25,H0,COW,999,558.0,13410.0,True,111,HARVEST,False
612,25,H3,COW,999,558.0,13622.0,True,101,HARVEST,False
612,25,H4,COW,999,558.0,13622.0,True,101,HARVEST,False
627,26,F,COW,999,212.0,1892.0,True,108,WATER,False
628,26,H1,SHEEP,999,371.0,2898.0,True,106,WATER,False
630,26,F,COW,999,901.0,5773.0,True,102,WATER,False
631,26,H1,SHEEP,999,1325.0,5773.0,True,100,WATER,False
632,26,H4,SHEEP,999,1113.0,5561.0,True,94,WATER,False
652,27,H0,COW,999,0.0,4620.0,True,134,HARVEST,False
652,27,H1,SHEEP,999,0.0,4620.0,True,134,HARVEST,False
653,27,H3,SHEEP,999,0.0,10744.0,True,132,HARVEST,False
655,27,H0,COW,999,0.0,10744.0,True,129,HARVEST,False
656,27,H3,SHEEP,999,0.0,10744.0,True,124,HARVEST,False
656,27,H6,COW,999,0.0,10744.0,True,124,HARVEST,False
657,27,F,COW,999,0.0,10744.0,True,123,HARVEST,False
658,27,H0,COW,999,0.0,10744.0,True,116,HARVEST,False
660,27,H3,COW,999,0.0,10744.0,True,108,HARVEST,False
675,28,F,COW,999,0.0,3845.0,True,103,HARVEST,False
677,28,H3,SHEEP,999,0.0,8132.0,True,97,HARVEST,False
677,28,H4,SHEEP,999,0.0,8132.0,True,97,HARVEST,False
678,28,F,COW,999,0.0,8420.0,True,94,HARVEST,False
680,28,H3,SHEEP,999,0.0,9527.0,True,89,HARVEST,False
680,28,H4,SHEEP,999,0.0,9527.0,True,89,HARVEST,False
